"GEO_ID","NAME","S1901_C01_001E","S1901_C01_001M","S1901_C01_002E","S1901_C01_002M","S1901_C01_003E","S1901_C01_003M","S1901_C01_004E","S1901_C01_004M","S1901_C01_005E","S1901_C01_005M","S1901_C01_006E","S1901_C01_006M","S1901_C01_007E","S1901_C01_007M","S1901_C01_008E","S1901_C01_008M","S1901_C01_009E","S1901_C01_009M","S1901_C01_010E","S1901_C01_010M","S1901_C01_011E","S1901_C01_011M","S1901_C01_012E","S1901_C01_012M","S1901_C01_013E","S1901_C01_013M","S1901_C01_014E","S1901_C01_014M","S1901_C01_015E","S1901_C01_015M","S1901_C01_016E","S1901_C01_016M","S1901_C02_001E","S1901_C02_001M","S1901_C02_002E","S1901_C02_002M","S1901_C02_003E","S1901_C02_003M","S1901_C02_004E","S1901_C02_004M","S1901_C02_005E","S1901_C02_005M","S1901_C02_006E","S1901_C02_006M","S1901_C02_007E","S1901_C02_007M","S1901_C02_008E","S1901_C02_008M","S1901_C02_009E","S1901_C02_009M","S1901_C02_010E","S1901_C02_010M","S1901_C02_011E","S1901_C02_011M","S1901_C02_012E","S1901_C02_012M","S1901_C02_013E","S1901_C02_013M","S1901_C02_014E","S1901_C02_014M","S1901_C02_015E","S1901_C02_015M","S1901_C02_016E","S1901_C02_016M","S1901_C03_001E","S1901_C03_001M","S1901_C03_002E","S1901_C03_002M","S1901_C03_003E","S1901_C03_003M","S1901_C03_004E","S1901_C03_004M","S1901_C03_005E","S1901_C03_005M","S1901_C03_006E","S1901_C03_006M","S1901_C03_007E","S1901_C03_007M","S1901_C03_008E","S1901_C03_008M","S1901_C03_009E","S1901_C03_009M","S1901_C03_010E","S1901_C03_010M","S1901_C03_011E","S1901_C03_011M","S1901_C03_012E","S1901_C03_012M","S1901_C03_013E","S1901_C03_013M","S1901_C03_014E","S1901_C03_014M","S1901_C03_015E","S1901_C03_015M","S1901_C03_016E","S1901_C03_016M","S1901_C04_001E","S1901_C04_001M","S1901_C04_002E","S1901_C04_002M","S1901_C04_003E","S1901_C04_003M","S1901_C04_004E","S1901_C04_004M","S1901_C04_005E","S1901_C04_005M","S1901_C04_006E","S1901_C04_006M","S1901_C04_007E","S1901_C04_007M","S1901_C04_008E","S1901_C04_008M","S1901_C04_009E","S1901_C04_009M","S1901_C04_010E","S1901_C04_010M","S1901_C04_011E","S1901_C04_011M","S1901_C04_012E","S1901_C04_012M","S1901_C04_013E","S1901_C04_013M","S1901_C04_014E","S1901_C04_014M","S1901_C04_015E","S1901_C04_015M","S1901_C04_016E","S1901_C04_016M",
"Geography","Geographic Area Name","Estimate!!Households!!Total","Margin of Error!!Households!!Total","Estimate!!Households!!Total!!Less than $10,000","Margin of Error!!Households!!Total!!Less than $10,000","Estimate!!Households!!Total!!$10,000 to $14,999","Margin of Error!!Households!!Total!!$10,000 to $14,999","Estimate!!Households!!Total!!$15,000 to $24,999","Margin of Error!!Households!!Total!!$15,000 to $24,999","Estimate!!Households!!Total!!$25,000 to $34,999","Margin of Error!!Households!!Total!!$25,000 to $34,999","Estimate!!Households!!Total!!$35,000 to $49,999","Margin of Error!!Households!!Total!!$35,000 to $49,999","Estimate!!Households!!Total!!$50,000 to $74,999","Margin of Error!!Households!!Total!!$50,000 to $74,999","Estimate!!Households!!Total!!$75,000 to $99,999","Margin of Error!!Households!!Total!!$75,000 to $99,999","Estimate!!Households!!Total!!$100,000 to $149,999","Margin of Error!!Households!!Total!!$100,000 to $149,999","Estimate!!Households!!Total!!$150,000 to $199,999","Margin of Error!!Households!!Total!!$150,000 to $199,999","Estimate!!Households!!Total!!$200,000 or more","Margin of Error!!Households!!Total!!$200,000 or more","Estimate!!Households!!Median income (dollars)","Margin of Error!!Households!!Median income (dollars)","Estimate!!Households!!Mean income (dollars)","Margin of Error!!Households!!Mean income (dollars)","Estimate!!Households!!PERCENT ALLOCATED!!Household income in the past 12 months","Margin of Error!!Households!!PERCENT ALLOCATED!!Household income in the past 12 months","Estimate!!Households!!PERCENT ALLOCATED!!Family income in the past 12 months","Margin of Error!!Households!!PERCENT ALLOCATED!!Family income in the past 12 months","Estimate!!Households!!PERCENT ALLOCATED!!Nonfamily income in the past 12 months","Margin of Error!!Households!!PERCENT ALLOCATED!!Nonfamily income in the past 12 months","Estimate!!Families!!Total","Margin of Error!!Families!!Total","Estimate!!Families!!Total!!Less than $10,000","Margin of Error!!Families!!Total!!Less than $10,000","Estimate!!Families!!Total!!$10,000 to $14,999","Margin of Error!!Families!!Total!!$10,000 to $14,999","Estimate!!Families!!Total!!$15,000 to $24,999","Margin of Error!!Families!!Total!!$15,000 to $24,999","Estimate!!Families!!Total!!$25,000 to $34,999","Margin of Error!!Families!!Total!!$25,000 to $34,999","Estimate!!Families!!Total!!$35,000 to $49,999","Margin of Error!!Families!!Total!!$35,000 to $49,999","Estimate!!Families!!Total!!$50,000 to $74,999","Margin of Error!!Families!!Total!!$50,000 to $74,999","Estimate!!Families!!Total!!$75,000 to $99,999","Margin of Error!!Families!!Total!!$75,000 to $99,999","Estimate!!Families!!Total!!$100,000 to $149,999","Margin of Error!!Families!!Total!!$100,000 to $149,999","Estimate!!Families!!Total!!$150,000 to $199,999","Margin of Error!!Families!!Total!!$150,000 to $199,999","Estimate!!Families!!Total!!$200,000 or more","Margin of Error!!Families!!Total!!$200,000 or more","Estimate!!Families!!Median income (dollars)","Margin of Error!!Families!!Median income (dollars)","Estimate!!Families!!Mean income (dollars)","Margin of Error!!Families!!Mean income (dollars)","Estimate!!Families!!PERCENT ALLOCATED!!Household income in the past 12 months","Margin of Error!!Families!!PERCENT ALLOCATED!!Household income in the past 12 months","Estimate!!Families!!PERCENT ALLOCATED!!Family income in the past 12 months","Margin of Error!!Families!!PERCENT ALLOCATED!!Family income in the past 12 months","Estimate!!Families!!PERCENT ALLOCATED!!Nonfamily income in the past 12 months","Margin of Error!!Families!!PERCENT ALLOCATED!!Nonfamily income in the past 12 months","Estimate!!Married-couple families!!Total","Margin of Error!!Married-couple families!!Total","Estimate!!Married-couple families!!Total!!Less than $10,000","Margin of Error!!Married-couple families!!Total!!Less than $10,000","Estimate!!Married-couple families!!Total!!$10,000 to $14,999","Margin of Error!!Married-couple families!!Total!!$10,000 to $14,999","Estimate!!Married-couple families!!Total!!$15,000 to $24,999","Margin of Error!!Married-couple families!!Total!!$15,000 to $24,999","Estimate!!Married-couple families!!Total!!$25,000 to $34,999","Margin of Error!!Married-couple families!!Total!!$25,000 to $34,999","Estimate!!Married-couple families!!Total!!$35,000 to $49,999","Margin of Error!!Married-couple families!!Total!!$35,000 to $49,999","Estimate!!Married-couple families!!Total!!$50,000 to $74,999","Margin of Error!!Married-couple families!!Total!!$50,000 to $74,999","Estimate!!Married-couple families!!Total!!$75,000 to $99,999","Margin of Error!!Married-couple families!!Total!!$75,000 to $99,999","Estimate!!Married-couple families!!Total!!$100,000 to $149,999","Margin of Error!!Married-couple families!!Total!!$100,000 to $149,999","Estimate!!Married-couple families!!Total!!$150,000 to $199,999","Margin of Error!!Married-couple families!!Total!!$150,000 to $199,999","Estimate!!Married-couple families!!Total!!$200,000 or more","Margin of Error!!Married-couple families!!Total!!$200,000 or more","Estimate!!Married-couple families!!Median income (dollars)","Margin of Error!!Married-couple families!!Median income (dollars)","Estimate!!Married-couple families!!Mean income (dollars)","Margin of Error!!Married-couple families!!Mean income (dollars)","Estimate!!Married-couple families!!PERCENT ALLOCATED!!Household income in the past 12 months","Margin of Error!!Married-couple families!!PERCENT ALLOCATED!!Household income in the past 12 months","Estimate!!Married-couple families!!PERCENT ALLOCATED!!Family income in the past 12 months","Margin of Error!!Married-couple families!!PERCENT ALLOCATED!!Family income in the past 12 months","Estimate!!Married-couple families!!PERCENT ALLOCATED!!Nonfamily income in the past 12 months","Margin of Error!!Married-couple families!!PERCENT ALLOCATED!!Nonfamily income in the past 12 months","Estimate!!Nonfamily households!!Total","Margin of Error!!Nonfamily households!!Total","Estimate!!Nonfamily households!!Total!!Less than $10,000","Margin of Error!!Nonfamily households!!Total!!Less than $10,000","Estimate!!Nonfamily households!!Total!!$10,000 to $14,999","Margin of Error!!Nonfamily households!!Total!!$10,000 to $14,999","Estimate!!Nonfamily households!!Total!!$15,000 to $24,999","Margin of Error!!Nonfamily households!!Total!!$15,000 to $24,999","Estimate!!Nonfamily households!!Total!!$25,000 to $34,999","Margin of Error!!Nonfamily households!!Total!!$25,000 to $34,999","Estimate!!Nonfamily households!!Total!!$35,000 to $49,999","Margin of Error!!Nonfamily households!!Total!!$35,000 to $49,999","Estimate!!Nonfamily households!!Total!!$50,000 to $74,999","Margin of Error!!Nonfamily households!!Total!!$50,000 to $74,999","Estimate!!Nonfamily households!!Total!!$75,000 to $99,999","Margin of Error!!Nonfamily households!!Total!!$75,000 to $99,999","Estimate!!Nonfamily households!!Total!!$100,000 to $149,999","Margin of Error!!Nonfamily households!!Total!!$100,000 to $149,999","Estimate!!Nonfamily households!!Total!!$150,000 to $199,999","Margin of Error!!Nonfamily households!!Total!!$150,000 to $199,999","Estimate!!Nonfamily households!!Total!!$200,000 or more","Margin of Error!!Nonfamily households!!Total!!$200,000 or more","Estimate!!Nonfamily households!!Median income (dollars)","Margin of Error!!Nonfamily households!!Median income (dollars)","Estimate!!Nonfamily households!!Mean income (dollars)","Margin of Error!!Nonfamily households!!Mean income (dollars)","Estimate!!Nonfamily households!!PERCENT ALLOCATED!!Household income in the past 12 months","Margin of Error!!Nonfamily households!!PERCENT ALLOCATED!!Household income in the past 12 months","Estimate!!Nonfamily households!!PERCENT ALLOCATED!!Family income in the past 12 months","Margin of Error!!Nonfamily households!!PERCENT ALLOCATED!!Family income in the past 12 months","Estimate!!Nonfamily households!!PERCENT ALLOCATED!!Nonfamily income in the past 12 months","Margin of Error!!Nonfamily households!!PERCENT ALLOCATED!!Nonfamily income in the past 12 months",
"1400000US25025000101","Census Tract 1.01; Suffolk County; Massachusetts","541","90","4.6","4.6","5.2","7.6","0.0","7.6","2.6","3.1","1.1","1.8","8.7","5.3","0.0","7.6","18.3","9.7","25.9","11.6","33.6","11.7","165469","20983","179662","29494","40.1","(X)","(X)","(X)","(X)","(X)","189","60","0.0","20.0","0.0","20.0","0.0","20.0","3.2","5.5","3.2","5.1","18.0","13.2","0.0","20.0","23.8","12.3","16.9","12.2","34.9","17.4","153750","33857","204146","54665","(X)","(X)","32.3","(X)","(X)","(X)","122","57","0.0","28.7","0.0","28.7","0.0","28.7","0.0","28.7","0.0","28.7","22.1","19.2","0.0","28.7","23.0","14.4","26.2","19.4","28.7","27.8","154643","34476","N","N","(X)","(X)","(X)","(X)","(X)","(X)","352","87","7.1","7.3","8.0","11.5","0.0","11.4","4.0","4.7","0.0","11.4","2.0","2.7","0.0","11.4","16.5","13.1","30.7","16.5","31.8","13.9","170473","27629","157094","28086","(X)","(X)","(X)","(X)","43.2","(X)",
"1400000US25025000102","Census Tract 1.02; Suffolk County; Massachusetts","1715","289","8.3","5.3","4.4","3.7","3.4","2.6","6.8","6.0","9.7","5.9","9.2","5.9","15.2","6.4","11.7","6.5","18.7","12.6","12.7","7.4","86875","23338","111549","20109","50.6","(X)","(X)","(X)","(X)","(X)","554","138","3.6","5.8","0.0","7.4","16.6","14.7","1.4","3.2","19.1","13.4","14.6","14.4","7.4","7.1","8.5","9.1","8.7","9.6","20.0","13.0","68636","39925","118010","35384","(X)","(X)","60.3","(X)","(X)","(X)","236","98","0.0","16.4","0.0","16.4","0.0","16.4","0.0","16.4","8.9","13.3","7.2","11.3","3.4","6.2","19.9","18.8","13.6","19.8","47.0","27.9","161953","145266","N","N","(X)","(X)","(X)","(X)","(X)","(X)","1161","299","10.5","6.5","6.5","5.5","1.1","2.2","5.3","5.8","5.2","6.0","6.5","4.6","18.9","8.8","13.3","8.6","23.4","17.7","9.2","8.5","96297","24338","107970","24562","(X)","(X)","(X)","(X)","46.0","(X)",
"1400000US25025000201","Census Tract 2.01; Suffolk County; Massachusetts","1859","306","3.3","2.5","2.6","2.4","5.0","5.4","1.6","1.7","8.3","4.6","9.3","6.1","13.2","4.8","23.3","11.6","20.4","8.3","12.9","4.8","123525","38493","124549","13446","46.7","(X)","(X)","(X)","(X)","(X)","797","175","2.1","3.2","0.0","5.2","10.4","11.9","0.0","5.2","4.8","4.9","14.7","13.2","7.4","6.3","20.8","10.2","30.9","15.8","8.9","5.2","124965","40561","124263","21796","(X)","(X)","44.5","(X)","(X)","(X)","618","165","0.0","6.6","0.0","6.6","13.4","15.2","0.0","6.6","4.4","5.5","8.7","8.6","2.9","3.9","23.1","12.7","35.9","17.0","11.5","6.9","146019","37444","N","N","(X)","(X)","(X)","(X)","(X)","(X)","1062","293","4.1","3.7","4.6","4.3","0.9","1.5","2.8","3.1","10.9","7.9","5.3","4.1","18.5","7.5","26.5","18.0","13.6","7.7","12.8","7.8","108684","63635","120937","18977","(X)","(X)","(X)","(X)","48.4","(X)",
"1400000US25025000202","Census Tract 2.02; Suffolk County; Massachusetts","1507","200","3.5","3.0","1.8","2.5","8.9","5.5","9.3","6.1","10.9","6.5","16.0","9.2","7.8","5.4","7.9","4.0","14.1","6.3","19.8","6.2","72098","35729","113315","15680","55.0","(X)","(X)","(X)","(X)","(X)","772","139","3.5","4.4","4.5","5.0","14.8","11.3","11.0","11.0","11.9","8.4","12.0","10.1","1.8","2.8","5.8","4.7","13.6","8.1","21.0","9.4","56250","34249","108446","26860","(X)","(X)","60.0","(X)","(X)","(X)","432","131","1.4","2.3","0.0","9.4","8.8","12.3","9.3","13.6","10.2","7.6","14.8","14.6","0.0","9.4","10.4","7.8","20.6","11.7","24.5","14.4","137500","113523","N","N","(X)","(X)","(X)","(X)","(X)","(X)","735","164","3.4","3.9","0.0","5.6","9.5","6.9","7.5","6.2","3.0","3.4","20.1","16.3","14.1","10.6","10.1","6.8","14.7","10.5","17.6","7.6","87240","21654","114567","18791","(X)","(X)","(X)","(X)","48.7","(X)",
"1400000US25025000301","Census Tract 3.01; Suffolk County; Massachusetts","1250","162","4.3","4.1","0.8","1.3","2.1","2.2","3.8","2.9","6.7","4.4","6.7","5.0","10.1","4.5","29.1","10.7","21.5","7.9","14.9","5.4","132900","22829","140018","14124","50.7","(X)","(X)","(X)","(X)","(X)","443","144","0.0","9.1","0.0","9.1","0.0","9.1","4.7","5.4","5.2","5.4","5.9","7.9","9.3","7.2","22.8","22.6","29.8","15.9","22.3","12.9","150457","48184","175909","36984","(X)","(X)","56.2","(X)","(X)","(X)","222","69","0.0","17.3","0.0","17.3","0.0","17.3","5.0","7.5","5.0","7.7","9.5","12.4","13.5","11.2","5.0","7.2","17.6","14.0","44.6","18.3","195735","79132","N","N","(X)","(X)","(X)","(X)","(X)","(X)","807","142","6.7","6.3","1.2","2.0","3.2","3.4","3.2","3.5","7.6","6.0","7.2","6.7","10.5","6.5","32.6","12.4","18.6","8.9","9.2","5.8","130341","24928","117960","14847","(X)","(X)","(X)","(X)","47.7","(X)",
"1400000US25025000302","Census Tract 3.02; Suffolk County; Massachusetts","1373","252","1.5","1.8","1.3","2.1","1.2","1.4","1.5","1.7","4.1","3.7","12.7","6.9","14.3","8.9","20.0","8.3","21.6","8.2","21.8","12.2","135188","35587","146740","18993","34.3","(X)","(X)","(X)","(X)","(X)","744","251","0.0","5.5","0.0","5.5","1.2","2.1","2.7","3.2","2.6","2.9","12.4","9.6","20.6","10.6","9.4","8.4","19.6","10.1","31.6","19.9","158438","80404","161627","30551","(X)","(X)","22.3","(X)","(X)","(X)","504","248","0.0","8.1","0.0","8.1","1.8","3.2","1.8","3.4","1.8","3.0","9.9","10.3","16.1","15.4","9.7","10.9","17.3","13.3","41.7","26.8","178171","83940","N","N","(X)","(X)","(X)","(X)","(X)","(X)","629","109","3.3","3.8","2.9","4.5","1.1","1.7","0.0","6.5","5.9","7.0","19.7","12.5","15.7","13.3","21.3","10.6","23.4","10.7","6.7","5.6","102361","15781","113354","14626","(X)","(X)","(X)","(X)","44.2","(X)",
"1400000US25025000401","Census Tract 4.01; Suffolk County; Massachusetts","2851","372","8.6","5.5","13.1","9.2","9.3","6.1","4.0","4.1","6.8","4.9","6.3","3.6","17.3","9.8","19.7","7.2","6.2","3.7","8.5","3.2","77716","14415","85820","10469","31.1","(X)","(X)","(X)","(X)","(X)","502","166","0.0","8.1","0.0","8.1","7.4","8.9","4.2","6.9","11.4","10.4","10.6","11.1","7.8","8.2","32.5","18.3","16.7","13.1","9.6","9.7","116848","47037","119275","23874","(X)","(X)","28.1","(X)","(X)","(X)","372","147","0.0","10.8","0.0","10.8","9.9","11.5","0.0","10.8","15.3","14.1","6.5","10.3","7.8","9.6","43.8","21.3","11.0","10.2","5.6","7.5","116304","44639","N","N","(X)","(X)","(X)","(X)","(X)","(X)","2349","387","10.5","6.8","15.9","10.8","9.7","7.5","4.0","4.8","5.9","5.1","6.7","3.9","19.4","11.8","15.8","7.3","4.0","3.2","8.3","3.5","68583","38706","77662","11731","(X)","(X)","(X)","(X)","31.8","(X)",
"1400000US25025000402","Census Tract 4.02; Suffolk County; Massachusetts","1422","215","0.4","0.5","2.6","2.7","0.7","1.1","0.8","1.2","8.4","5.4","19.6","7.7","11.7","4.3","19.3","7.7","18.2","7.8","18.2","9.1","108235","25199","166499","72039","41.2","(X)","(X)","(X)","(X)","(X)","501","159","0.0","8.1","2.6","4.3","0.0","8.1","0.0","8.1","10.0","9.8","14.2","11.6","19.4","10.2","7.4","7.3","18.0","14.7","28.5","19.2","124306","71416","259715","187076","(X)","(X)","52.9","(X)","(X)","(X)","364","144","0.0","11.0","3.6","5.9","0.0","11.0","0.0","11.0","5.2","5.9","9.9","8.6","22.0","11.6","7.4","8.9","15.7","14.6","36.3","24.4","153750","84633","N","N","(X)","(X)","(X)","(X)","(X)","(X)","921","159","0.5","0.8","2.6","3.5","1.1","1.7","1.3","1.9","7.6","6.1","22.6","9.8","8.4","4.8","25.8","10.6","18.3","9.4","11.7","6.8","103162","18589","114822","12634","(X)","(X)","(X)","(X)","34.9","(X)",
"1400000US25025000502","Census Tract 5.02; Suffolk County; Massachusetts","1709","156","8.0","4.2","2.2","1.9","7.8","5.3","10.5","4.7","10.0","4.1","11.2","5.4","14.2","5.3","16.9","6.8","4.9","4.0","14.2","6.3","75536","18038","109409","20088","32.1","(X)","(X)","(X)","(X)","(X)","259","83","1.5","2.3","0.0","15.1","3.5","5.6","8.1","9.6","8.5","7.4","3.9","5.6","20.5","18.1","17.0","10.7","0.0","15.1","37.1","16.5","104519","53854","226836","97935","(X)","(X)","40.5","(X)","(X)","(X)","224","81","1.8","2.7","0.0","17.2","4.0","6.5","0.0","17.2","9.8","8.7","4.5","6.6","20.1","20.3","17.0","11.9","0.0","17.2","42.9","20.0","132500","122408","N","N","(X)","(X)","(X)","(X)","(X)","(X)","1450","168","9.2","5.0","2.6","2.3","8.6","6.0","11.0","5.8","10.3","4.7","12.5","6.4","13.1","5.4","16.9","8.0","5.8","4.6","10.1","7.0","68696","12578","88434","15852","(X)","(X)","(X)","(X)","30.6","(X)",
"1400000US25025000503","Census Tract 5.03; Suffolk County; Massachusetts","1251","152","7.4","4.6","1.0","1.2","4.0","2.6","2.6","2.3","5.2","4.9","20.6","8.1","16.1","5.8","27.1","8.5","11.0","4.7","5.0","3.9","91047","11125","100288","11696","28.8","(X)","(X)","(X)","(X)","(X)","205","74","18.0","14.4","0.0","18.6","0.0","18.6","3.9","6.4","0.0","18.6","4.9","7.6","3.4","6.1","27.3","20.2","31.2","23.6","11.2","16.9","134063","52372","128873","37656","(X)","(X)","29.8","(X)","(X)","(X)","197","72","14.7","13.6","0.0","19.3","0.0","19.3","4.1","6.7","0.0","19.3","5.1","7.8","3.6","6.3","28.4","21.1","32.5","24.5","11.7","17.5","134896","53893","N","N","(X)","(X)","(X)","(X)","(X)","(X)","1046","131","6.1","5.1","1.1","1.4","4.0","2.7","2.3","2.5","6.2","5.8","23.7","9.5","18.5","6.8","27.1","9.6","7.1","3.2","3.8","2.9","84348","15824","94615","11516","(X)","(X)","(X)","(X)","28.6","(X)",
"1400000US25025000505","Census Tract 5.05; Suffolk County; Massachusetts","1051","152","6.9","5.4","7.2","5.2","6.3","5.7","5.8","6.9","9.4","8.2","10.6","8.1","18.5","8.4","20.0","9.4","4.6","4.2","10.8","5.7","84417","15408","90968","13494","34.8","(X)","(X)","(X)","(X)","(X)","233","90","6.0","9.4","0.0","16.6","10.3","14.1","0.0","16.6","0.0","16.6","13.3","14.1","7.7","8.5","44.2","20.7","1.3","4.7","17.2","14.0","102169","35371","113143","28931","(X)","(X)","36.5","(X)","(X)","(X)","154","70","0.0","23.8","0.0","23.8","15.6","21.3","0.0","23.8","0.0","23.8","14.9","21.7","11.7","13.3","29.9","32.8","1.9","7.7","26.0","21.5","100882","35361","N","N","(X)","(X)","(X)","(X)","(X)","(X)","818","166","7.1","6.2","9.3","6.7","5.1","6.1","7.5","8.7","12.1","10.3","9.8","9.6","21.5","11.4","13.1","8.7","5.5","5.0","9.0","6.5","73906","37106","84651","16718","(X)","(X)","(X)","(X)","34.4","(X)",
"1400000US25025000506","Census Tract 5.06; Suffolk County; Massachusetts","1351","165","8.7","5.7","6.1","3.4","6.7","3.3","2.4","2.2","7.7","6.2","17.2","7.9","9.2","4.4","22.5","9.4","5.1","2.5","14.4","5.3","78221","27409","100623","13929","42.4","(X)","(X)","(X)","(X)","(X)","292","86","0.0","13.5","0.0","13.5","9.2","7.8","0.0","13.5","4.1","5.9","9.9","8.9","10.3","9.0","17.8","12.9","9.2","6.7","39.4","16.7","148333","61884","167812","35455","(X)","(X)","34.6","(X)","(X)","(X)","245","84","0.0","15.9","0.0","15.9","11.0","9.4","0.0","15.9","4.9","7.0","6.5","8.3","9.0","9.5","13.9","14.3","7.8","6.8","46.9","18.5","182656","99962","N","N","(X)","(X)","(X)","(X)","(X)","(X)","1059","178","11.1","7.1","7.8","4.3","5.9","3.9","3.0","2.8","8.7","7.7","19.3","10.0","8.9","5.1","23.8","11.4","4.0","2.6","7.5","4.4","63092","13716","82097","13626","(X)","(X)","(X)","(X)","44.6","(X)",
"1400000US25025000601","Census Tract 6.01; Suffolk County; Massachusetts","1539","131","6.5","4.7","0.0","2.7","1.5","1.7","4.6","3.5","4.9","3.4","12.3","8.0","14.1","5.3","19.1","7.2","18.5","5.6","18.5","5.4","106573","14439","130519","13149","33.7","(X)","(X)","(X)","(X)","(X)","640","121","1.7","3.8","0.0","6.4","0.0","6.4","6.6","6.9","1.6","2.8","16.9","14.8","20.9","11.4","13.6","8.0","20.9","9.1","17.8","8.1","110294","48783","130101","16460","(X)","(X)","35.9","(X)","(X)","(X)","443","112","2.5","5.6","0.0","9.1","0.0","9.1","2.7","4.1","0.0","9.1","8.8","9.0","30.2","13.4","12.9","10.0","23.3","11.6","19.6","11.5","121202","56661","N","N","(X)","(X)","(X)","(X)","(X)","(X)","899","124","9.9","7.6","0.0","4.6","2.6","2.9","3.2","4.0","7.2","5.4","10.6","7.2","9.7","6.7","24.5","11.4","14.3","8.0","18.0","8.4","105040","18807","125522","21867","(X)","(X)","(X)","(X)","31.4","(X)",
"1400000US25025000603","Census Tract 6.03; Suffolk County; Massachusetts","1130","211","2.9","2.8","19.4","11.0","12.6","11.1","6.8","9.1","8.5","4.9","10.5","6.0","15.4","8.3","12.8","7.3","0.0","3.7","11.1","6.4","44688","31357","74677","15875","40.8","(X)","(X)","(X)","(X)","(X)","305","117","1.6","4.1","20.0","18.1","4.6","7.7","0.0","13.0","20.3","12.6","11.8","12.9","9.2","12.0","13.1","12.2","0.0","13.0","19.3","14.1","63594","42874","104542","41523","(X)","(X)","41.3","(X)","(X)","(X)","185","81","2.7","6.7","17.3","21.8","0.0","20.4","0.0","20.4","11.9","17.1","19.5","20.6","8.6","13.3","8.1","12.6","0.0","20.4","31.9","20.5","66979","38905","N","N","(X)","(X)","(X)","(X)","(X)","(X)","825","228","3.4","3.7","19.2","13.5","15.5","14.3","9.3","12.3","4.1","4.7","10.1","7.1","17.7","11.1","12.7","9.7","0.0","5.0","8.0","7.4","43047","39831","63636","16025","(X)","(X)","(X)","(X)","40.6","(X)",
"1400000US25025000604","Census Tract 6.04; Suffolk County; Massachusetts","1150","134","6.8","5.2","12.9","7.9","10.0","8.4","9.6","7.6","9.0","5.8","11.3","6.8","7.1","3.9","23.6","8.6","4.9","3.8","5.0","3.8","51641","24933","72719","13321","32.9","(X)","(X)","(X)","(X)","(X)","302","128","8.3","13.4","0.0","13.1","0.0","13.1","9.6","15.5","23.2","19.5","0.0","13.1","11.3","9.7","45.4","23.3","2.3","3.6","0.0","13.1","94239","66654","82081","22774","(X)","(X)","36.4","(X)","(X)","(X)","266","124","0.0","14.7","0.0","14.7","0.0","14.7","10.9","17.6","26.3","21.9","0.0","14.7","8.6","9.2","51.5","25.2","2.6","4.1","0.0","14.7","100655","50088","N","N","(X)","(X)","(X)","(X)","(X)","(X)","848","111","6.3","5.0","17.5","10.9","13.6","11.0","9.6","8.8","3.9","3.7","15.3","8.8","5.7","4.2","15.8","7.7","5.8","5.4","6.7","4.9","46136","29556","69256","15911","(X)","(X)","(X)","(X)","31.6","(X)",
"1400000US25025000701","Census Tract 7.01; Suffolk County; Massachusetts","2157","282","7.6","5.2","1.6","1.2","6.6","4.8","2.5","2.8","9.4","5.2","13.4","5.3","9.1","5.0","28.0","10.6","10.8","6.5","10.9","5.3","99679","20642","109785","14666","31.2","(X)","(X)","(X)","(X)","(X)","521","229","13.1","15.9","6.5","6.8","0.0","7.8","0.0","7.8","15.7","20.6","5.4","8.2","8.3","10.2","14.0","18.0","12.5","13.3","24.6","18.8","122688","92997","138302","52387","(X)","(X)","44.0","(X)","(X)","(X)","461","242","10.2","16.0","0.0","8.8","0.0","8.8","0.0","8.8","17.8","23.0","6.1","9.2","8.2","12.0","15.8","20.5","14.1","15.4","27.8","21.5","123716","83566","N","N","(X)","(X)","(X)","(X)","(X)","(X)","1636","316","5.9","4.2","0.0","2.6","8.7","6.2","3.2","3.6","7.3","4.5","16.0","6.7","9.4","6.0","32.5","13.1","10.3","7.9","6.5","4.2","99286","24284","100704","14669","(X)","(X)","(X)","(X)","27.2","(X)",
"1400000US25025000703","Census Tract 7.03; Suffolk County; Massachusetts","951","118","22.7","8.1","9.1","7.2","7.3","4.9","3.2","2.6","13.2","7.6","24.5","10.0","11.0","5.0","5.3","4.8","2.2","2.5","1.5","1.6","43516","9999","49777","8765","27.4","(X)","(X)","(X)","(X)","(X)","30","29","0.0","61.9","0.0","61.9","0.0","61.9","0.0","61.9","0.0","61.9","76.7","40.0","0.0","61.9","23.3","40.0","0.0","61.9","0.0","61.9","-","**","73763","35215","(X)","(X)","0.0","(X)","(X)","(X)","23","26","0.0","70.7","0.0","70.7","0.0","70.7","0.0","70.7","0.0","70.7","69.6","55.0","0.0","70.7","30.4","55.0","0.0","70.7","0.0","70.7","-","**","N","N","(X)","(X)","(X)","(X)","(X)","(X)","921","116","23.5","8.4","9.4","7.5","7.5","5.0","3.3","2.7","13.7","7.8","22.8","9.9","11.4","5.1","4.7","4.7","2.3","2.5","1.5","1.7","42734","9261","48995","9002","(X)","(X)","(X)","(X)","28.3","(X)",
"1400000US25025000704","Census Tract 7.04; Suffolk County; Massachusetts","2165","187","8.1","4.6","1.3","2.1","8.5","5.5","3.6","4.6","14.0","6.9","14.4","7.1","10.9","4.5","23.6","7.2","4.3","3.3","11.2","4.9","74948","16562","93968","11371","41.3","(X)","(X)","(X)","(X)","(X)","663","231","0.0","6.2","0.0","6.2","5.0","6.0","21.0","23.0","14.9","14.7","6.2","10.4","4.7","7.8","27.1","19.6","7.7","9.0","13.4","9.8","86573","74407","110598","32641","(X)","(X)","34.8","(X)","(X)","(X)","461","194","0.0","8.8","0.0","8.8","7.2","9.1","16.3","22.3","12.8","18.8","0.0","8.8","6.7","11.2","26.7","22.6","11.1","12.5","19.3","13.8","118528","54191","N","N","(X)","(X)","(X)","(X)","(X)","(X)","1502","230","11.7","6.3","1.9","3.1","10.1","7.3","1.0","1.6","8.7","4.2","18.0","8.4","13.6","5.9","22.1","7.5","2.8","2.1","10.2","6.2","72917","11963","85951","12060","(X)","(X)","(X)","(X)","39.2","(X)",
"1400000US25025000804","Census Tract 8.04; Suffolk County; Massachusetts","1281","175","6.2","4.5","0.4","1.1","3.9","3.6","0.9","1.6","8.4","5.0","19.2","10.1","12.3","7.2","14.2","7.1","15.6","7.6","19.0","7.8","98239","31837","119488","20296","41.1","(X)","(X)","(X)","(X)","(X)","613","182","4.9","5.8","0.0","6.7","7.5","7.6","0.0","6.7","17.3","10.0","21.4","19.1","15.2","11.1","14.7","11.0","3.4","3.7","15.7","10.9","67061","33510","91134","20510","(X)","(X)","53.0","(X)","(X)","(X)","316","90","1.6","3.0","0.0","12.6","0.0","12.6","0.0","12.6","12.0","11.7","0.0","12.6","24.4","17.8","25.0","18.8","6.6","7.1","30.4","19.0","110833","43574","N","N","(X)","(X)","(X)","(X)","(X)","(X)","668","115","7.3","6.0","0.7","2.2","0.6","1.4","1.6","3.0","6.4","7.0","10.9","8.8","12.1","8.7","11.4","9.5","26.8","12.0","22.0","12.4","133750","70882","143247","30640","(X)","(X)","(X)","(X)","30.2","(X)",
"1400000US25025000805","Census Tract 8.05; Suffolk County; Massachusetts","1297","179","9.9","5.3","7.5","6.9","2.9","2.4","4.2","3.0","15.9","7.9","14.3","9.5","8.9","4.3","18.9","9.2","10.8","5.4","6.8","4.7","70020","26890","86855","12936","34.5","(X)","(X)","(X)","(X)","(X)","297","163","0.0","13.3","2.4","4.3","17.2","26.3","3.4","5.2","23.2","26.4","0.0","13.3","0.0","13.3","23.6","28.0","16.8","13.8","13.5","21.0","-","**","108070","44091","(X)","(X)","24.2","(X)","(X)","(X)","174","138","0.0","21.5","0.0","21.5","0.0","21.5","5.7","9.7","33.3","38.4","0.0","21.5","0.0","21.5","40.2","43.4","20.7","22.5","0.0","21.5","135339","128615","N","N","(X)","(X)","(X)","(X)","(X)","(X)","1000","172","12.9","6.2","9.0","8.8","3.7","3.1","4.5","3.4","13.7","8.4","13.4","9.3","11.5","5.5","17.5","8.9","9.0","6.5","4.8","4.2","68167","26794","78966","14812","(X)","(X)","(X)","(X)","37.5","(X)",
"1400000US25025000806","Census Tract 8.06; Suffolk County; Massachusetts","742","94","19.1","8.4","2.0","1.1","5.4","5.4","2.2","1.9","4.3","3.6","9.8","5.4","9.4","7.7","32.5","13.1","8.4","6.1","6.9","5.0","90139","34030","105136","35424","29.9","(X)","(X)","(X)","(X)","(X)","270","100","21.5","18.6","0.0","14.5","0.0","14.5","0.0","14.5","0.0","14.5","8.1","12.8","5.2","6.6","52.6","20.4","0.0","14.5","12.6","12.8","112993","8584","150302","83875","(X)","(X)","29.3","(X)","(X)","(X)","270","100","21.5","18.6","0.0","14.5","0.0","14.5","0.0","14.5","0.0","14.5","8.1","12.8","5.2","6.6","52.6","20.4","0.0","14.5","12.6","12.8","112993","8584","N","N","(X)","(X)","(X)","(X)","(X)","(X)","472","77","17.8","8.6","3.2","1.8","8.5","8.5","3.4","2.9","6.8","5.5","10.8","5.2","11.9","11.0","21.0","14.6","13.1","9.5","3.6","2.6","74500","15555","79299","14515","(X)","(X)","(X)","(X)","30.3","(X)",
"1400000US25025000807","Census Tract 8.07; Suffolk County; Massachusetts","0","14","-","**","-","**","-","**","-","**","-","**","-","**","-","**","-","**","-","**","-","**","-","**","-","**","-","(X)","(X)","(X)","(X)","(X)","0","14","-","**","-","**","-","**","-","**","-","**","-","**","-","**","-","**","-","**","-","**","-","**","-","**","(X)","(X)","-","(X)","(X)","(X)","0","14","-","**","-","**","-","**","-","**","-","**","-","**","-","**","-","**","-","**","-","**","-","**","-","**","(X)","(X)","(X)","(X)","(X)","(X)","0","14","-","**","-","**","-","**","-","**","-","**","-","**","-","**","-","**","-","**","-","**","-","**","-","**","(X)","(X)","(X)","(X)","-","(X)",
"1400000US25025010103","Census Tract 101.03; Suffolk County; Massachusetts","336","93","18.2","9.6","3.6","6.1","6.0","8.9","0.0","11.9","25.3","15.4","2.4","3.3","2.1","2.5","20.8","14.1","5.7","5.1","16.1","12.1","-","**","116276","46682","22.6","(X)","(X)","(X)","(X)","(X)","131","62","4.6","7.0","0.0","27.1","0.0","27.1","0.0","27.1","13.0","7.6","0.0","27.1","0.0","27.1","43.5","25.6","4.6","7.8","34.4","25.3","116205","61881","200742","83431","(X)","(X)","29.8","(X)","(X)","(X)","121","62","5.0","7.7","0.0","28.8","0.0","28.8","0.0","28.8","14.0","9.2","0.0","28.8","0.0","28.8","47.1","26.8","5.0","8.6","28.9","27.4","115759","17407","N","N","(X)","(X)","(X)","(X)","(X)","(X)","205","86","26.8","15.0","5.9","10.5","9.8","14.2","0.0","18.6","33.2","23.0","3.9","5.5","3.4","4.2","6.3","7.5","6.3","6.6","4.4","7.3","40457","18582","57340","27038","(X)","(X)","(X)","(X)","18.0","(X)",
"1400000US25025010104","Census Tract 101.04; Suffolk County; Massachusetts","1576","174","16.8","7.3","11.5","7.9","3.7","4.5","2.4","2.3","0.8","1.3","13.6","4.8","6.9","3.7","12.0","6.2","7.7","3.5","24.6","8.4","81875","25475","123500","24906","22.0","(X)","(X)","(X)","(X)","(X)","299","98","0.0","13.2","0.0","13.2","0.0","13.2","8.4","9.2","0.0","13.2","7.0","11.2","11.7","14.8","7.0","10.0","12.0","4.1","53.8","20.6","205394","26716","215778","79672","(X)","(X)","34.4","(X)","(X)","(X)","236","101","0.0","16.4","0.0","16.4","0.0","16.4","3.4","5.4","0.0","16.4","8.9","13.6","0.0","16.4","8.9","12.2","15.3","7.0","63.6","19.4","206096","27377","N","N","(X)","(X)","(X)","(X)","(X)","(X)","1277","168","20.8","8.8","14.2","9.7","4.6","5.5","1.0","1.7","1.0","1.6","15.1","5.8","5.7","3.9","13.2","6.9","6.7","4.3","17.7","7.8","67219","14512","100758","21849","(X)","(X)","(X)","(X)","19.0","(X)",
"1400000US25025010204","Census Tract 102.04; Suffolk County; Massachusetts","962","161","26.7","8.1","2.1","2.5","6.0","3.9","3.1","3.0","15.1","9.9","7.1","4.5","15.8","9.0","7.3","5.2","7.0","4.5","9.9","8.3","41745","19571","74901","18611","42.2","(X)","(X)","(X)","(X)","(X)","75","32","0.0","39.2","0.0","39.2","0.0","39.2","0.0","39.2","0.0","39.2","0.0","39.2","44.0","22.7","0.0","39.2","22.7","22.3","33.3","25.8","156023","89404","211764","86161","(X)","(X)","16.0","(X)","(X)","(X)","67","30","0.0","41.4","0.0","41.4","0.0","41.4","0.0","41.4","0.0","41.4","0.0","41.4","37.3","19.4","0.0","41.4","25.4","24.2","37.3","26.6","156932","84070","N","N","(X)","(X)","(X)","(X)","(X)","(X)","887","173","29.0","9.1","2.3","2.7","6.5","4.2","3.4","3.3","16.3","10.7","7.7","5.0","13.4","10.1","7.9","5.6","5.6","4.5","7.9","8.6","39981","8390","63329","18618","(X)","(X)","(X)","(X)","44.4","(X)",
"1400000US25025010205","Census Tract 102.05; Suffolk County; Massachusetts","2561","384","17.3","8.9","3.2","2.5","8.2","6.2","5.3","3.8","7.5","5.1","8.2","4.5","18.9","12.2","14.0","6.1","8.9","5.9","8.5","4.5","78008","40147","90679","14470","26.9","(X)","(X)","(X)","(X)","(X)","486","216","4.3","7.4","0.0","8.4","26.3","23.4","0.0","8.4","7.6","9.1","5.8","9.3","10.9","12.8","20.0","13.6","9.7","11.2","15.4","14.8","92071","64575","114252","51775","(X)","(X)","34.8","(X)","(X)","(X)","412","187","5.1","8.7","0.0","9.8","26.2","28.7","0.0","9.8","5.1","8.6","6.8","10.9","12.9","14.7","14.3","13.1","11.4","13.0","18.2","17.0","92000","73312","N","N","(X)","(X)","(X)","(X)","(X)","(X)","2075","417","20.3","10.9","4.0","3.1","3.9","3.7","6.6","4.7","7.5","6.2","8.8","5.3","20.7","14.5","12.6","6.9","8.8","6.8","6.8","4.7","66648","44379","85158","15974","(X)","(X)","(X)","(X)","25.1","(X)",
"1400000US25025010206","Census Tract 102.06; Suffolk County; Massachusetts","1227","358","10.4","6.5","7.4","7.4","8.6","6.8","2.0","2.0","12.1","9.4","8.0","4.8","9.2","5.9","9.7","6.0","21.6","22.2","11.0","5.7","81875","47133","106002","26905","27.1","(X)","(X)","(X)","(X)","(X)","231","121","0.0","16.7","0.0","16.7","0.0","16.7","2.6","4.2","31.2","33.8","19.0","20.9","0.0","16.7","9.5","11.2","4.8","7.3","32.9","21.6","-","**","166357","98335","(X)","(X)","51.1","(X)","(X)","(X)","133","74","0.0","26.8","0.0","26.8","0.0","26.8","4.5","7.3","0.0","26.8","21.8","28.8","0.0","26.8","16.5","17.4","0.0","26.8","57.1","28.7","208142","112505","N","N","(X)","(X)","(X)","(X)","(X)","(X)","996","351","12.8","8.4","9.1","9.4","10.5","8.4","1.9","2.4","7.7","6.6","6.3","4.5","11.3","7.3","8.8","6.3","25.5","26.3","5.9","4.8","81429","60792","91477","31270","(X)","(X)","(X)","(X)","21.6","(X)",
"1400000US25025010300","Census Tract 103; Suffolk County; Massachusetts","283","67","13.1","9.3","3.2","3.9","6.7","6.6","6.7","7.1","1.8","2.7","21.2","12.5","10.6","6.4","10.2","8.1","18.4","15.8","8.1","5.2","71328","12895","97917","25179","37.1","(X)","(X)","(X)","(X)","(X)","78","54","7.7","13.8","0.0","38.4","0.0","38.4","0.0","38.4","0.0","38.4","5.1","8.4","0.0","38.4","23.1","26.4","42.3","40.6","21.8","20.0","178167","55382","182564","41355","(X)","(X)","60.3","(X)","(X)","(X)","40","24","15.0","22.0","0.0","53.6","0.0","53.6","0.0","53.6","0.0","53.6","10.0","14.3","0.0","53.6","25.0","35.8","7.5","15.4","42.5","28.6","-","**","N","N","(X)","(X)","(X)","(X)","(X)","(X)","205","60","15.1","11.6","4.4","5.5","9.3","8.9","9.3","9.4","2.4","3.7","27.3","13.8","14.6","8.9","9.3","6.7","5.4","4.2","2.9","4.2","62721","19832","64076","14238","(X)","(X)","(X)","(X)","28.3","(X)",
"1400000US25025010403","Census Tract 104.03; Suffolk County; Massachusetts","1610","221","22.2","9.3","10.4","6.3","4.6","3.3","3.7","3.1","18.5","12.1","8.6","4.9","11.4","9.4","8.5","4.9","8.2","5.0","3.9","2.6","44508","10610","66915","14251","33.7","(X)","(X)","(X)","(X)","(X)","174","95","10.9","17.2","7.5","11.0","24.7","32.3","8.0","14.0","16.7","20.4","6.3","10.8","0.0","21.5","19.0","24.6","0.0","21.5","6.9","11.3","-","**","91772","72867","(X)","(X)","14.4","(X)","(X)","(X)","93","58","20.4","28.7","0.0","34.7","0.0","34.7","0.0","34.7","31.2","34.6","0.0","34.7","0.0","34.7","35.5","39.6","0.0","34.7","12.9","21.2","-","**","N","N","(X)","(X)","(X)","(X)","(X)","(X)","1436","211","23.6","10.3","10.7","6.8","5.2","3.6","3.2","3.0","15.7","13.0","8.8","5.3","12.7","10.5","7.2","4.9","9.2","5.7","3.6","2.6","42955","14214","63173","14182","(X)","(X)","(X)","(X)","36.1","(X)",
"1400000US25025010404","Census Tract 104.04; Suffolk County; Massachusetts","1257","200","30.2","9.3","3.0","2.5","14.2","8.4","5.8","4.2","9.9","5.1","5.3","2.5","13.0","6.4","9.2","3.9","6.5","2.2","2.7","1.9","28958","11288","55030","10175","25.9","(X)","(X)","(X)","(X)","(X)","86","38","0.0","36.4","0.0","36.4","4.7","11.6","0.0","36.4","11.6","16.6","11.6","7.2","11.6","13.8","16.3","16.8","26.7","20.9","17.4","15.7","123214","66310","131071","32865","(X)","(X)","22.1","(X)","(X)","(X)","58","29","0.0","44.5","0.0","44.5","0.0","44.5","0.0","44.5","0.0","44.5","17.2","10.3","17.2","20.6","0.0","44.5","39.7","27.4","25.9","21.3","159231","32817","N","N","(X)","(X)","(X)","(X)","(X)","(X)","1171","207","32.5","9.9","3.2","2.7","14.9","8.8","6.2","4.5","9.7","5.5","4.9","2.7","13.2","6.9","8.7","3.9","5.6","1.7","1.1","1.4","24625","10737","47459","8505","(X)","(X)","(X)","(X)","26.2","(X)",
"1400000US25025010405","Census Tract 104.05; Suffolk County; Massachusetts","916","150","19.2","8.5","14.4","7.8","15.9","8.6","1.3","1.6","16.0","9.2","15.6","9.7","11.4","10.3","4.3","3.1","1.0","1.4","0.9","1.4","28125","22962","43161","9896","43.1","(X)","(X)","(X)","(X)","(X)","278","131","18.0","16.0","4.3","7.5","31.7","27.8","0.7","1.3","8.3","9.9","28.1","25.0","3.6","6.6","0.0","14.1","2.5","4.4","2.9","4.7","-","**","50506","25451","(X)","(X)","51.4","(X)","(X)","(X)","121","56","41.3","29.0","9.9","15.7","21.5","24.2","1.7","2.7","0.0","28.8","5.0","7.2","8.3","14.6","0.0","28.8","5.8","9.7","6.6","10.7","12188","9359","N","N","(X)","(X)","(X)","(X)","(X)","(X)","638","124","19.7","9.3","18.8","10.8","18.8","10.6","1.6","2.2","20.4","12.2","9.2","8.9","5.0","3.8","6.1","4.5","0.3","0.7","0.0","6.4","21707","8192","33287","6820","(X)","(X)","(X)","(X)","39.5","(X)",
"1400000US25025010408","Census Tract 104.08; Suffolk County; Massachusetts","879","90","7.2","5.4","4.2","4.0","5.5","3.9","6.3","4.3","6.3","4.8","12.9","4.5","15.8","7.0","22.0","8.2","7.2","4.1","12.9","5.1","83417","12004","98144","10130","29.2","(X)","(X)","(X)","(X)","(X)","114","52","20.2","27.3","0.0","30.2","16.7","22.0","4.4","6.2","0.0","30.2","7.9","8.8","6.1","6.8","21.9","16.5","4.4","6.8","18.4","17.7","-","**","94730","40806","(X)","(X)","50.9","(X)","(X)","(X)","67","25","0.0","41.4","0.0","41.4","0.0","41.4","0.0","41.4","0.0","41.4","13.4","13.7","10.4","10.8","37.3","23.1","7.5","10.9","31.3","26.2","142917","23705","N","N","(X)","(X)","(X)","(X)","(X)","(X)","765","96","5.2","3.8","4.8","4.5","3.8","2.8","6.5","4.9","7.2","5.5","13.6","5.2","17.3","8.1","22.0","8.8","7.6","4.4","12.0","4.9","83250","11985","98653","10507","(X)","(X)","(X)","(X)","26.0","(X)",
"1400000US25025010500","Census Tract 105; Suffolk County; Massachusetts","1759","383","14.7","5.6","12.2","8.1","6.5","3.9","2.8","3.3","1.9","1.8","22.2","17.5","7.3","5.0","9.1","4.3","5.6","4.2","17.7","6.5","56931","4061","152303","51025","44.1","(X)","(X)","(X)","(X)","(X)","401","100","14.0","10.6","2.7","4.2","7.2","8.3","0.0","10.0","0.0","10.0","0.0","10.0","10.7","13.7","2.7","4.4","19.7","15.5","42.9","18.8","192083","29095","345166","175136","(X)","(X)","32.9","(X)","(X)","(X)","329","96","14.3","12.4","3.3","5.2","8.8","10.2","0.0","12.1","0.0","12.1","0.0","12.1","2.4","3.7","0.0","12.1","24.0","18.6","47.1","20.8","193813","66962","N","N","(X)","(X)","(X)","(X)","(X)","(X)","1358","378","14.9","7.0","15.0","11.0","6.3","4.2","3.7","4.2","2.4","2.4","28.7","21.2","6.3","4.8","11.0","5.6","1.4","1.5","10.2","5.3","55963","11295","95353","27743","(X)","(X)","(X)","(X)","47.3","(X)",
"1400000US25025010600","Census Tract 106; Suffolk County; Massachusetts","2046","253","5.5","4.2","4.2","3.8","0.5","0.8","8.1","6.0","5.6","4.9","13.5","6.2","7.6","4.8","21.3","7.6","5.9","3.9","28.0","8.5","118710","34360","202885","57575","29.6","(X)","(X)","(X)","(X)","(X)","782","218","2.0","3.3","0.0","5.3","0.0","5.3","10.7","12.0","0.0","5.3","6.0","6.1","3.7","5.1","27.4","14.3","4.9","5.1","45.3","13.8","165417","87209","267783","80917","(X)","(X)","36.1","(X)","(X)","(X)","578","199","2.8","4.4","0.0","7.1","0.0","7.1","10.7","15.1","0.0","7.1","4.2","5.1","5.0","6.7","17.8","10.9","6.6","6.6","52.9","17.2","222500","95161","N","N","(X)","(X)","(X)","(X)","(X)","(X)","1264","237","7.7","6.5","6.7","5.8","0.8","1.3","6.4","6.1","9.0","7.7","18.1","9.3","10.0","7.1","17.6","8.9","6.5","6.0","17.2","8.4","77500","13161","162734","68319","(X)","(X)","(X)","(X)","25.6","(X)",
"1400000US25025010701","Census Tract 107.01; Suffolk County; Massachusetts","1380","166","9.7","4.2","0.0","3.0","4.9","3.7","3.0","2.5","6.0","4.2","4.3","2.8","0.9","1.2","18.9","7.8","13.8","6.9","38.4","8.2","151190","23931","259220","47462","25.6","(X)","(X)","(X)","(X)","(X)","321","90","0.0","12.4","0.0","12.4","0.0","12.4","0.0","12.4","0.0","12.4","0.0","12.4","3.7","5.0","23.4","12.6","5.6","5.2","67.3","12.1","250,000+","***","584224","138732","(X)","(X)","45.2","(X)","(X)","(X)","303","86","0.0","13.1","0.0","13.1","0.0","13.1","0.0","13.1","0.0","13.1","0.0","13.1","3.3","5.1","21.1","12.4","4.3","4.9","71.3","12.0","250,000+","***","N","N","(X)","(X)","(X)","(X)","(X)","(X)","1059","177","12.7","5.6","0.0","3.9","6.4","4.8","4.0","3.3","7.8","5.5","5.7","3.6","0.0","3.9","17.6","9.6","16.2","8.6","29.7","10.0","141654","15859","160706","32831","(X)","(X)","(X)","(X)","19.6","(X)",
"1400000US25025010702","Census Tract 107.02; Suffolk County; Massachusetts","1347","242","3.7","2.6","1.0","1.2","0.1","0.3","1.4","1.4","0.7","1.0","5.4","3.6","10.6","6.1","22.3","8.6","5.6","3.1","49.1","8.9","191406","83040","411696","130477","38.2","(X)","(X)","(X)","(X)","(X)","490","138","1.6","2.5","0.0","8.3","0.0","8.3","0.0","8.3","0.0","8.3","1.0","2.0","10.4","8.2","8.2","5.7","5.9","6.5","72.9","10.8","250,000+","***","687655","303402","(X)","(X)","38.6","(X)","(X)","(X)","475","135","1.7","2.6","0.0","8.6","0.0","8.6","0.0","8.6","0.0","8.6","1.1","2.1","7.6","7.4","8.4","5.8","6.1","6.7","75.2","10.8","250,000+","***","N","N","(X)","(X)","(X)","(X)","(X)","(X)","857","196","4.9","3.7","1.6","1.8","0.2","0.5","2.2","2.1","1.1","1.7","7.9","5.7","10.7","8.8","30.5","11.7","5.4","3.4","35.5","12.0","140179","28567","253912","91812","(X)","(X)","(X)","(X)","37.9","(X)",
"1400000US25025010801","Census Tract 108.01; Suffolk County; Massachusetts","1451","207","7.7","5.6","1.6","2.3","5.0","7.0","2.4","2.5","5.7","4.4","7.4","3.4","10.7","6.0","11.0","5.1","8.1","4.6","40.2","8.5","135375","60469","264178","52011","32.6","(X)","(X)","(X)","(X)","(X)","371","96","0.0","10.8","0.0","10.8","0.0","10.8","0.0","10.8","2.2","3.6","7.8","8.7","11.6","10.4","5.1","5.9","4.0","4.5","69.3","13.9","250,000+","***","465642","128839","(X)","(X)","39.4","(X)","(X)","(X)","346","93","0.0","11.5","0.0","11.5","0.0","11.5","0.0","11.5","2.3","3.8","8.4","9.3","10.7","10.8","2.3","4.2","4.3","4.8","72.0","14.9","250,000+","***","N","N","(X)","(X)","(X)","(X)","(X)","(X)","1080","204","10.4","7.4","2.1","3.1","6.8","9.2","3.2","3.3","6.9","5.9","7.3","3.4","10.4","7.1","13.1","6.3","9.5","5.8","30.3","8.7","103261","32916","194971","47070","(X)","(X)","(X)","(X)","30.3","(X)",
"1400000US25025010802","Census Tract 108.02; Suffolk County; Massachusetts","1725","209","6.3","3.5","0.4","0.7","2.0","2.3","5.3","4.2","0.9","1.0","9.6","5.5","8.9","5.7","15.3","5.3","10.7","5.7","40.6","8.3","153618","35878","257679","46864","29.3","(X)","(X)","(X)","(X)","(X)","587","139","3.2","5.1","1.2","2.1","0.0","7.0","0.0","7.0","0.0","7.0","0.0","7.0","4.3","3.1","15.3","9.6","11.4","6.4","64.6","12.7","250,000+","***","409660","74741","(X)","(X)","22.5","(X)","(X)","(X)","478","139","0.0","8.5","1.5","2.6","0.0","8.5","0.0","8.5","0.0","8.5","0.0","8.5","3.6","3.9","14.2","9.7","11.7","7.6","69.0","11.9","250,000+","***","N","N","(X)","(X)","(X)","(X)","(X)","(X)","1138","212","7.8","4.7","0.0","3.7","3.1","3.3","8.1","6.1","1.3","1.5","14.5","8.3","11.2","8.1","16.0","5.8","9.7","8.1","28.3","8.4","117222","43574","179035","43006","(X)","(X)","(X)","(X)","32.8","(X)",
"1400000US25025020101","Census Tract 201.01; Suffolk County; Massachusetts","2263","339","2.7","2.6","0.5","0.8","1.3","1.6","0.7","0.9","4.6","4.0","9.9","6.7","4.1","2.8","11.8","5.3","7.2","4.1","57.2","10.9","230543","31106","333904","64955","33.6","(X)","(X)","(X)","(X)","(X)","789","262","5.4","6.6","0.0","5.2","2.7","4.2","0.0","5.2","0.0","5.2","3.0","4.8","2.0","3.3","0.0","5.2","2.8","4.3","84.0","11.1","250,000+","***","396221","104112","(X)","(X)","36.8","(X)","(X)","(X)","606","248","7.1","8.6","0.0","6.8","0.0","6.8","0.0","6.8","0.0","6.8","4.0","6.1","2.6","4.3","0.0","6.8","3.6","5.7","82.7","13.3","250,000+","***","N","N","(X)","(X)","(X)","(X)","(X)","(X)","1474","280","1.2","1.9","0.7","1.3","0.6","1.0","1.1","1.4","7.0","6.5","13.6","9.6","5.2","3.9","18.2","7.7","9.5","5.2","42.9","14.1","154821","59979","300548","79610","(X)","(X)","(X)","(X)","31.9","(X)",
"1400000US25025020200","Census Tract 202; Suffolk County; Massachusetts","2133","186","3.4","2.3","5.7","4.5","5.7","3.8","5.9","4.9","3.2","3.0","5.3","5.1","15.0","6.4","18.8","6.7","13.0","6.0","24.0","8.1","113618","24729","168290","40960","24.3","(X)","(X)","(X)","(X)","(X)","513","190","0.0","7.9","0.0","7.9","7.4","8.5","0.0","7.9","0.0","7.9","0.0","7.9","0.0","7.9","8.0","6.9","29.2","18.9","55.4","19.0","206348","31585","303517","107857","(X)","(X)","21.4","(X)","(X)","(X)","480","187","0.0","8.5","0.0","8.5","4.6","6.6","0.0","8.5","0.0","8.5","0.0","8.5","0.0","8.5","8.5","7.6","31.3","20.3","55.6","19.5","206324","28860","N","N","(X)","(X)","(X)","(X)","(X)","(X)","1620","241","4.4","3.2","7.5","5.8","5.2","4.1","7.7","6.5","4.3","3.9","6.9","6.8","19.8","8.0","22.2","7.5","7.9","4.5","14.1","6.5","95432","11210","125468","36275","(X)","(X)","(X)","(X)","25.2","(X)",
"1400000US25025020301","Census Tract 203.01; Suffolk County; Massachusetts","1364","202","6.5","4.7","6.7","4.7","6.0","4.9","0.9","1.1","3.4","3.0","3.2","2.8","14.7","6.9","11.4","6.3","15.0","8.8","32.2","8.6","133333","68638","183129","26163","35.0","(X)","(X)","(X)","(X)","(X)","317","84","0.0","12.5","0.0","12.5","3.8","6.0","0.0","12.5","0.6","1.0","4.1","6.6","6.6","7.0","9.1","9.2","33.4","19.7","42.3","14.9","192639","17397","269716","59275","(X)","(X)","41.6","(X)","(X)","(X)","303","81","0.0","13.1","0.0","13.1","0.0","13.1","0.0","13.1","0.0","13.1","4.3","7.0","6.9","7.2","9.6","9.8","35.0","20.2","44.2","15.3","194583","22487","N","N","(X)","(X)","(X)","(X)","(X)","(X)","1047","197","8.4","6.1","8.8","6.3","6.7","6.2","1.1","1.5","4.2","3.9","3.0","2.7","17.2","8.9","12.0","6.7","9.5","10.0","29.1","10.2","101477","35870","156913","27239","(X)","(X)","(X)","(X)","33.0","(X)",
"1400000US25025020302","Census Tract 203.02; Suffolk County; Massachusetts","660","53","5.9","5.3","3.6","4.4","0.2","0.3","5.9","4.2","8.2","6.5","6.1","3.8","9.1","5.1","12.1","5.9","8.5","3.9","40.5","9.6","136944","48545","218015","45819","36.1","(X)","(X)","(X)","(X)","(X)","201","50","4.0","6.1","0.0","18.9","0.0","18.9","0.0","18.9","4.0","5.6","0.0","18.9","9.0","11.3","3.5","5.8","4.5","4.9","75.1","14.1","250,000+","***","398533","121151","(X)","(X)","39.3","(X)","(X)","(X)","174","50","4.6","7.0","0.0","21.5","0.0","21.5","0.0","21.5","4.6","6.4","0.0","21.5","0.0","21.5","0.0","21.5","5.2","5.6","85.6","10.3","250,000+","***","N","N","(X)","(X)","(X)","(X)","(X)","(X)","459","55","6.8","6.8","5.2","6.3","0.2","0.4","8.5","6.1","10.0","9.3","8.7","5.6","9.2","5.2","15.9","8.6","10.2","5.5","25.3","10.7","102031","41757","138302","32966","(X)","(X)","(X)","(X)","34.6","(X)",
"1400000US25025020304","Census Tract 203.04; Suffolk County; Massachusetts","803","100","0.0","5.2","1.9","3.0","7.8","5.5","4.7","5.9","0.6","1.1","4.5","6.0","3.7","3.1","23.0","11.2","17.8","8.4","35.9","10.3","153547","29415","188300","28501","26.5","(X)","(X)","(X)","(X)","(X)","232","92","0.0","16.7","0.0","16.7","3.4","5.3","13.8","18.3","0.0","16.7","0.0","16.7","7.8","8.9","30.2","24.8","17.2","18.8","27.6","20.5","131711","35091","194824","79334","(X)","(X)","38.8","(X)","(X)","(X)","190","80","0.0","19.9","0.0","19.9","4.2","6.4","0.0","19.9","0.0","19.9","0.0","19.9","4.2","7.0","36.8","29.8","21.1","22.6","33.7","23.7","151607","52552","N","N","(X)","(X)","(X)","(X)","(X)","(X)","571","118","0.0","7.2","2.6","4.2","9.6","7.5","1.1","1.8","0.9","1.5","6.3","8.4","3.0","3.5","20.1","11.3","17.2","9.0","39.2","13.7","154966","52804","185070","35368","(X)","(X)","(X)","(X)","21.5","(X)",
"1400000US25025020305","Census Tract 203.05; Suffolk County; Massachusetts","2323","267","9.5","5.0","4.6","5.7","6.8","4.2","4.0","3.2","0.0","1.8","3.5","2.7","6.3","3.9","16.4","6.8","16.8","7.0","32.0","7.6","144591","28488","188183","40582","26.6","(X)","(X)","(X)","(X)","(X)","904","217","2.8","2.9","0.0","4.6","3.0","4.5","3.5","5.7","0.0","4.6","0.0","4.6","8.7","7.6","10.1","9.2","24.6","14.6","47.3","13.7","195786","42539","282581","85446","(X)","(X)","25.3","(X)","(X)","(X)","725","187","0.0","5.7","0.0","5.7","3.7","5.6","0.0","5.7","0.0","5.7","0.0","5.7","7.3","7.8","8.0","8.7","27.7","17.3","53.2","16.3","220417","66036","N","N","(X)","(X)","(X)","(X)","(X)","(X)","1419","266","13.7","8.2","7.6","9.2","9.2","7.4","4.4","3.8","0.0","2.9","5.8","4.3","4.8","3.9","20.5","10.4","11.8","7.1","22.2","8.4","112041","33850","125549","27526","(X)","(X)","(X)","(X)","27.5","(X)",
"1400000US25025030100","Census Tract 301; Suffolk County; Massachusetts","1091","202","5.5","5.2","9.9","7.0","6.4","4.9","1.8","1.7","1.8","2.0","11.2","7.1","15.4","10.1","27.7","8.1","8.5","5.6","11.7","6.4","95956","24151","114168","26251","37.2","(X)","(X)","(X)","(X)","(X)","143","61","0.0","25.3","0.0","25.3","4.9","8.7","2.1","4.6","0.0","25.3","4.9","8.3","7.0","11.9","35.7","26.3","7.7","8.4","37.8","19.0","139476","104120","255990","153616","(X)","(X)","13.3","(X)","(X)","(X)","87","35","0.0","36.2","0.0","36.2","8.0","13.4","3.4","7.6","0.0","36.2","8.0","13.2","0.0","36.2","11.5","16.3","6.9","10.4","62.1","20.8","250,000+","***","N","N","(X)","(X)","(X)","(X)","(X)","(X)","948","207","6.3","5.9","11.4","8.0","6.6","5.6","1.8","1.8","2.1","2.3","12.1","8.2","16.7","11.4","26.5","7.9","8.6","6.3","7.8","6.3","82470","25450","92774","14761","(X)","(X)","(X)","(X)","40.8","(X)",
"1400000US25025030200","Census Tract 302; Suffolk County; Massachusetts","979","160","1.9","1.8","0.8","1.2","4.9","2.9","6.0","4.6","5.8","3.7","2.9","2.4","10.5","6.4","39.7","10.9","15.8","7.2","11.5","5.0","118750","8500","126771","14599","48.6","(X)","(X)","(X)","(X)","(X)","110","49","0.0","31.0","0.0","31.0","0.0","31.0","6.4","10.1","14.5","15.2","0.0","31.0","5.5","10.1","15.5","17.0","6.4","9.4","51.8","21.2","228214","185962","212445","69588","(X)","(X)","32.7","(X)","(X)","(X)","103","49","0.0","32.4","0.0","32.4","0.0","32.4","0.0","32.4","15.5","16.3","0.0","32.4","5.8","10.8","16.5","17.7","6.8","10.1","55.3","22.4","229464","158794","N","N","(X)","(X)","(X)","(X)","(X)","(X)","869","146","2.2","2.1","0.9","1.3","5.5","3.3","6.0","4.9","4.7","3.6","3.2","2.7","11.2","7.2","42.8","12.2","17.0","8.0","6.4","3.8","117004","9413","115926","11895","(X)","(X)","(X)","(X)","50.6","(X)",
"1400000US25025030301","Census Tract 303.01; Suffolk County; Massachusetts","843","179","6.0","5.0","0.7","1.2","2.4","3.1","1.8","1.6","0.5","0.9","3.6","4.8","14.8","7.8","22.8","17.5","7.0","6.2","40.5","11.5","137190","62669","288747","74937","25.3","(X)","(X)","(X)","(X)","(X)","443","180","2.9","4.7","0.0","9.1","0.9","1.7","0.9","1.4","0.0","9.1","0.0","9.1","10.2","10.2","35.7","28.3","7.9","9.9","41.5","21.1","-","**","293084","102335","(X)","(X)","23.5","(X)","(X)","(X)","405","186","3.2","5.3","0.0","10.0","1.0","1.9","1.0","1.5","0.0","10.0","0.0","10.0","11.1","11.3","39.0","29.3","8.6","11.0","36.0","19.7","137190","81846","N","N","(X)","(X)","(X)","(X)","(X)","(X)","400","86","9.5","8.4","1.5","2.4","4.0","6.1","2.8","3.0","1.0","1.9","7.5","9.7","20.0","12.9","8.5","8.7","6.0","4.8","39.3","12.4","127625","68107","283943","111103","(X)","(X)","(X)","(X)","27.3","(X)",
"1400000US25025030302","Census Tract 303.02; Suffolk County; Massachusetts","1261","177","5.3","4.7","3.8","3.2","4.8","5.6","0.0","3.3","2.9","2.5","9.0","6.1","14.1","7.5","10.4","3.9","14.4","7.1","35.4","9.0","148542","32682","175348","30145","18.2","(X)","(X)","(X)","(X)","(X)","320","116","1.6","2.4","0.0","12.4","0.0","12.4","0.0","12.4","1.3","2.1","0.0","12.4","21.6","24.9","1.6","3.3","9.1","9.3","65.0","25.4","250,000+","***","289235","89259","(X)","(X)","25.9","(X)","(X)","(X)","291","108","1.7","2.7","0.0","13.6","0.0","13.6","0.0","13.6","1.4","2.3","0.0","13.6","23.7","26.6","0.0","13.6","10.0","10.3","63.2","27.5","250,000+","***","N","N","(X)","(X)","(X)","(X)","(X)","(X)","941","153","6.6","6.1","5.1","4.3","6.5","7.4","0.0","4.4","3.4","3.3","12.0","8.2","11.6","5.2","13.4","5.0","16.2","8.9","25.3","8.3","117019","41111","136619","22676","(X)","(X)","(X)","(X)","15.6","(X)",
"1400000US25025030400","Census Tract 304; Suffolk County; Massachusetts","2417","365","3.8","2.9","3.1","2.5","1.2","1.3","0.7","1.2","3.0","2.8","8.6","4.2","19.1","11.0","22.6","7.9","17.1","6.9","20.7","6.8","115221","20468","157705","20868","38.6","(X)","(X)","(X)","(X)","(X)","358","85","13.1","14.1","0.0","11.2","0.0","11.2","0.0","11.2","2.8","4.5","4.2","6.2","2.2","2.7","13.7","11.1","7.0","9.7","57.0","21.3","216635","77840","244814","74055","(X)","(X)","45.3","(X)","(X)","(X)","289","83","4.5","6.8","0.0","13.6","0.0","13.6","0.0","13.6","3.5","5.7","5.2","7.7","2.8","3.2","13.8","13.3","8.7","11.9","61.6","21.8","250,000+","***","N","N","(X)","(X)","(X)","(X)","(X)","(X)","2059","359","2.2","1.9","3.6","2.9","1.4","1.5","0.9","1.4","3.1","3.2","9.4","4.8","22.0","12.7","24.2","8.7","18.8","8.1","14.4","6.9","105375","19233","141675","20784","(X)","(X)","(X)","(X)","37.5","(X)",
"1400000US25025030500","Census Tract 305; Suffolk County; Massachusetts","1288","160","2.6","2.8","4.9","4.4","2.7","3.0","1.2","1.9","8.4","4.3","9.2","5.7","9.7","4.6","18.1","5.7","17.2","6.6","26.0","6.5","126786","19835","184298","31719","46.0","(X)","(X)","(X)","(X)","(X)","353","83","0.0","11.3","0.0","11.3","5.1","8.7","0.0","11.3","7.4","10.7","4.0","4.5","9.3","11.5","9.1","6.9","16.1","11.7","49.0","12.4","191042","47211","323670","100309","(X)","(X)","32.6","(X)","(X)","(X)","320","82","0.0","12.4","0.0","12.4","5.6","9.5","0.0","12.4","8.1","11.8","4.4","4.9","10.3","12.7","5.3","5.9","15.3","11.9","50.9","12.5","204375","46884","N","N","(X)","(X)","(X)","(X)","(X)","(X)","935","156","3.6","3.8","6.7","5.9","1.8","2.6","1.7","2.7","8.8","4.5","11.1","7.8","9.8","5.5","21.5","7.6","17.5","9.0","17.3","6.7","115117","19137","131680","17809","(X)","(X)","(X)","(X)","51.0","(X)",
"1400000US25025040100","Census Tract 401; Suffolk County; Massachusetts","1256","122","2.2","2.1","2.7","2.2","4.6","4.7","4.5","3.0","2.9","2.6","6.7","4.3","1.9","2.2","12.3","4.6","11.2","5.7","51.0","7.7","202167","36774","305207","57648","31.3","(X)","(X)","(X)","(X)","(X)","588","79","0.9","1.5","0.0","7.0","0.0","7.0","2.9","4.1","4.6","4.9","0.0","7.0","2.7","4.1","7.8","7.9","10.2","7.3","70.9","12.3","250,000+","***","463269","111155","(X)","(X)","27.6","(X)","(X)","(X)","481","88","0.0","8.5","0.0","8.5","0.0","8.5","0.0","8.5","5.6","5.9","0.0","8.5","0.0","8.5","2.3","2.8","12.5","8.7","79.6","10.9","250,000+","***","N","N","(X)","(X)","(X)","(X)","(X)","(X)","668","132","4.2","4.0","5.1","4.3","7.9","8.6","8.4","5.7","1.3","2.1","12.6","8.2","1.2","2.0","16.2","8.4","12.1","8.6","31.0","11.2","120500","31798","158857","38327","(X)","(X)","(X)","(X)","34.6","(X)",
"1400000US25025040200","Census Tract 402; Suffolk County; Massachusetts","613","113","7.3","6.9","12.1","8.1","9.1","6.9","3.8","4.4","7.8","7.4","8.6","6.0","5.5","4.2","4.9","2.9","5.4","4.1","35.4","11.9","85438","59304","164977","36882","54.2","(X)","(X)","(X)","(X)","(X)","421","106","7.4","8.9","10.5","10.0","8.8","9.1","0.0","9.6","11.4","10.6","3.1","3.6","5.9","5.8","1.0","1.6","6.7","5.7","45.4","16.6","170096","158985","185205","47304","(X)","(X)","62.9","(X)","(X)","(X)","246","105","0.0","15.8","0.0","15.8","4.5","5.1","0.0","15.8","6.1","8.3","2.0","3.5","2.0","3.1","1.6","2.8","8.1","8.7","75.6","14.3","219565","26630","N","N","(X)","(X)","(X)","(X)","(X)","(X)","192","61","12.5","14.4","15.6","12.4","9.9","9.2","6.8","10.1","0.0","19.7","20.8","17.2","4.7","5.9","13.5","8.5","2.6","3.9","13.5","8.3","56136","38816","112484","57591","(X)","(X)","(X)","(X)","29.7","(X)",
"1400000US25025040300","Census Tract 403; Suffolk County; Massachusetts","2193","238","2.1","2.2","0.0","1.9","0.5","0.8","1.1","1.7","3.8","3.5","1.5","1.6","10.6","5.2","15.0","6.5","15.0","7.5","50.4","8.6","208319","49898","238443","27276","22.8","(X)","(X)","(X)","(X)","(X)","1188","207","2.2","3.3","0.0","3.5","0.0","3.5","0.0","3.5","0.8","2.2","1.5","2.4","4.2","4.7","13.1","9.7","10.3","7.0","67.9","12.2","240167","30673","297953","48462","(X)","(X)","26.3","(X)","(X)","(X)","991","190","0.0","4.2","0.0","4.2","0.0","4.2","0.0","4.2","0.0","4.2","0.0","4.2","5.0","5.8","5.3","7.6","8.2","7.6","81.4","11.4","250,000+","***","N","N","(X)","(X)","(X)","(X)","(X)","(X)","1005","243","1.9","3.2","0.0","4.1","1.0","1.7","2.5","3.7","7.4","6.7","1.4","2.1","18.2","9.6","18.5","9.5","20.6","13.6","28.6","12.6","146741","44421","166685","22919","(X)","(X)","(X)","(X)","18.6","(X)",
"1400000US25025040401","Census Tract 404.01; Suffolk County; Massachusetts","1318","158","3.0","3.6","3.0","2.6","1.7","1.9","4.9","4.5","7.8","7.0","7.5","4.7","1.4","1.7","17.3","6.9","10.0","5.8","43.4","9.1","168883","45719","219039","43586","26.6","(X)","(X)","(X)","(X)","(X)","767","160","0.0","5.4","1.0","2.0","0.8","1.5","2.9","4.0","12.4","11.4","8.3","6.8","5.0","4.6","10.0","5.9","8.3","6.5","51.2","11.5","207688","78421","269660","62218","(X)","(X)","33.5","(X)","(X)","(X)","494","120","0.0","8.2","1.6","3.3","0.4","1.2","0.0","8.2","5.1","5.8","5.5","6.4","1.8","3.1","7.7","6.4","9.3","8.2","68.6","10.9","250,000+","***","N","N","(X)","(X)","(X)","(X)","(X)","(X)","551","146","7.1","8.3","5.6","5.3","3.1","3.6","7.6","11.2","1.5","2.3","9.6","8.1","0.0","7.4","20.7","12.2","12.3","10.5","32.5","14.6","120273","69275","145574","36381","(X)","(X)","(X)","(X)","16.9","(X)",
"1400000US25025040600","Census Tract 406; Suffolk County; Massachusetts","2020","215","1.6","1.1","3.1","3.3","8.8","8.2","0.9","1.1","3.4","2.4","8.9","5.8","7.7","4.2","17.7","6.6","12.2","4.9","35.7","8.0","142941","28710","189754","27816","22.5","(X)","(X)","(X)","(X)","(X)","735","131","0.0","5.6","1.9","2.9","1.2","2.0","0.0","5.6","4.9","4.9","13.9","10.2","4.6","4.1","16.9","8.3","7.5","5.8","49.1","9.6","191250","110711","258845","43926","(X)","(X)","30.3","(X)","(X)","(X)","577","111","0.0","7.1","2.4","3.7","1.6","2.5","0.0","7.1","6.2","6.2","2.6","3.8","1.0","1.9","18.0","10.3","7.3","6.1","60.8","10.7","250,000+","***","N","N","(X)","(X)","(X)","(X)","(X)","(X)","1285","232","2.5","1.7","3.7","5.0","13.1","12.9","1.5","1.7","2.6","3.2","6.1","5.0","9.4","6.3","19.8","9.2","14.9","8.2","26.5","10.1","125988","23643","148890","28307","(X)","(X)","(X)","(X)","18.0","(X)",
"1400000US25025040801","Census Tract 408.01; Suffolk County; Massachusetts","2206","274","2.1","2.2","6.7","8.3","10.2","5.9","12.1","7.2","1.5","1.6","8.6","5.4","6.7","5.1","14.2","7.3","8.3","4.5","29.6","10.4","105580","36628","144354","28182","32.0","(X)","(X)","(X)","(X)","(X)","948","213","0.0","4.4","0.0","4.4","15.3","9.8","23.4","13.7","0.0","4.4","8.0","8.1","13.9","11.5","9.6","7.4","4.3","4.9","25.4","11.9","77214","30148","133286","38377","(X)","(X)","33.6","(X)","(X)","(X)","450","176","0.0","9.0","0.0","9.0","7.6","12.6","3.1","6.8","0.0","9.0","10.9","15.4","3.3","4.4","12.4","11.1","9.1","9.9","53.6","18.2","227763","127604","N","N","(X)","(X)","(X)","(X)","(X)","(X)","1258","323","3.7","3.9","11.7","13.7","6.3","6.5","3.5","5.9","2.7","2.8","9.1","6.8","1.3","2.4","17.7","11.5","11.3","7.6","32.8","14.5","127310","42261","152695","36414","(X)","(X)","(X)","(X)","30.7","(X)",
"1400000US25025050101","Census Tract 501.01; Suffolk County; Massachusetts","1681","190","6.0","4.5","17.6","7.6","7.1","4.2","8.4","5.8","10.4","6.8","3.1","3.5","10.9","7.7","12.6","7.4","10.6","4.8","13.3","5.4","50625","50120","96133","17772","64.6","(X)","(X)","(X)","(X)","(X)","858","171","0.0","4.8","5.2","5.8","6.1","8.4","6.3","6.7","14.7","11.8","12.4","12.7","18.3","13.7","8.5","6.1","12.8","8.0","15.7","9.2","84872","29671","112583","23759","(X)","(X)","64.5","(X)","(X)","(X)","427","156","0.0","9.5","6.8","8.6","0.0","9.5","8.0","10.6","5.2","8.3","7.0","11.5","17.3","20.0","10.3","10.1","22.5","15.7","23.0","14.6","119769","78716","N","N","(X)","(X)","(X)","(X)","(X)","(X)","823","173","12.3","8.6","30.5","12.4","8.3","4.3","10.6","8.6","6.0","5.9","2.7","2.9","4.7","4.8","6.1","5.6","8.3","6.1","10.7","6.1","22091","9778","73631","21507","(X)","(X)","(X)","(X)","64.8","(X)",
"1400000US25025050200","Census Tract 502; Suffolk County; Massachusetts","1799","223","4.4","3.7","3.2","2.8","2.5","3.2","12.2","6.2","8.4","4.9","4.2","2.9","14.2","6.7","20.1","8.5","9.4","5.4","21.3","10.3","100636","14375","126108","23486","53.4","(X)","(X)","(X)","(X)","(X)","998","188","6.7","7.6","2.0","3.4","0.0","4.2","14.6","9.3","12.0","8.0","3.6","4.5","20.8","10.1","15.1","10.1","12.1","7.9","12.9","7.2","89405","17380","108524","21822","(X)","(X)","57.8","(X)","(X)","(X)","585","171","6.3","9.7","3.4","5.9","0.0","7.0","18.5","12.3","14.9","12.2","1.5","2.4","20.3","12.3","6.0","5.9","16.6","11.8","12.5","8.4","88631","38891","N","N","(X)","(X)","(X)","(X)","(X)","(X)","801","240","5.2","4.3","4.7","4.9","1.9","3.2","9.2","6.9","4.0","4.5","8.2","6.4","10.1","7.6","20.8","11.2","9.0","6.2","26.7","19.9","108355","44551","138207","43473","(X)","(X)","(X)","(X)","38.1","(X)",
"1400000US25025050300","Census Tract 503; Suffolk County; Massachusetts","1905","209","8.0","4.1","14.3","7.9","7.7","4.1","3.0","1.9","10.2","6.6","9.3","5.5","16.1","5.9","10.0","5.0","6.5","3.5","14.9","5.5","67129","16030","95634","16712","34.5","(X)","(X)","(X)","(X)","(X)","650","140","1.2","2.1","0.0","6.3","6.0","5.5","3.2","3.9","9.7","10.9","12.2","10.5","27.7","12.2","15.8","10.6","8.3","7.2","15.8","10.4","82500","23605","113410","21580","(X)","(X)","48.5","(X)","(X)","(X)","512","117","1.6","2.7","0.0","8.0","2.7","3.2","4.1","4.9","4.3","7.3","15.4","12.9","26.8","13.9","20.1","13.2","8.6","7.8","16.4","11.0","96375","22989","N","N","(X)","(X)","(X)","(X)","(X)","(X)","1255","209","11.5","6.1","21.8","12.0","8.5","5.4","2.9","1.9","10.5","8.3","7.8","6.0","10.1","6.3","7.0","4.4","6.4","4.0","13.5","6.0","46047","21046","86145","22878","(X)","(X)","(X)","(X)","27.3","(X)",
"1400000US25025050400","Census Tract 504; Suffolk County; Massachusetts","1065","170","11.5","11.0","1.2","1.8","6.9","6.6","5.4","4.0","10.6","7.5","16.4","9.0","8.4","5.4","20.2","8.5","4.9","3.5","14.6","6.5","74023","13338","112147","27359","29.1","(X)","(X)","(X)","(X)","(X)","380","99","0.0","10.6","0.5","2.5","13.9","16.9","12.1","13.3","7.9","10.9","7.9","9.3","10.8","12.0","16.6","9.6","4.2","7.2","26.1","11.4","84250","29311","153169","43675","(X)","(X)","17.9","(X)","(X)","(X)","260","102","0.0","15.0","0.0","15.0","0.0","15.0","0.0","15.0","11.5","13.8","4.2","7.4","15.8","17.5","24.2","15.7","6.2","10.0","38.1","16.1","146161","52383","N","N","(X)","(X)","(X)","(X)","(X)","(X)","685","177","17.8","16.2","1.9","2.8","2.9","4.3","8.5","6.2","7.0","7.9","19.3","14.5","7.0","5.7","22.2","12.4","5.3","4.1","8.2","6.6","66975","21264","88452","27039","(X)","(X)","(X)","(X)","30.5","(X)",
"1400000US25025050500","Census Tract 505; Suffolk County; Massachusetts","1010","138","8.1","6.6","1.1","1.7","2.6","2.2","2.1","1.8","13.2","9.1","11.3","4.4","10.2","6.3","23.6","7.2","14.2","5.5","13.8","5.5","103571","21397","121559","16873","49.5","(X)","(X)","(X)","(X)","(X)","265","77","0.0","14.8","0.0","14.8","9.8","8.8","0.0","14.8","17.4","14.2","10.6","9.4","1.9","3.4","9.4","8.1","33.2","13.0","17.7","11.0","152760","66455","136113","28709","(X)","(X)","55.1","(X)","(X)","(X)","179","63","0.0","20.9","0.0","20.9","3.9","6.4","0.0","20.9","4.5","6.4","12.3","12.4","0.0","20.9","14.0","11.5","39.1","14.5","26.3","15.5","156250","17834","N","N","(X)","(X)","(X)","(X)","(X)","(X)","745","154","11.0","8.7","1.5","2.3","0.0","5.5","2.8","2.6","12.2","11.0","11.0","5.8","13.2","8.7","28.6","9.1","7.4","4.7","12.3","6.5","98641","25633","116207","20944","(X)","(X)","(X)","(X)","47.0","(X)",
"1400000US25025050600","Census Tract 506; Suffolk County; Massachusetts","837","90","1.3","1.6","1.4","2.4","3.5","3.6","3.9","3.6","13.5","7.4","15.4","8.2","19.5","9.5","16.0","7.1","7.5","4.3","17.9","8.4","79981","21751","119040","21972","55.4","(X)","(X)","(X)","(X)","(X)","445","110","5.4","5.7","7.4","7.8","0.0","9.1","1.8","1.9","10.8","10.2","31.0","14.9","12.1","10.0","20.4","14.5","2.5","2.9","8.5","7.3","71172","19482","84809","16975","(X)","(X)","67.9","(X)","(X)","(X)","222","80","0.0","17.3","0.0","17.3","0.0","17.3","0.0","17.3","0.0","17.3","28.4","21.5","21.6","18.9","36.0","26.6","2.7","4.9","11.3","10.9","95000","26599","N","N","(X)","(X)","(X)","(X)","(X)","(X)","392","72","0.3","0.7","0.0","10.3","7.4","7.5","6.4","7.1","11.2","7.7","5.4","8.1","16.6","11.9","22.7","8.7","13.3","8.0","16.8","10.2","104375","31549","127143","25809","(X)","(X)","(X)","(X)","41.3","(X)",
"1400000US25025050700","Census Tract 507; Suffolk County; Massachusetts","1564","236","1.9","1.9","3.1","3.2","4.7","3.6","7.5","4.4","1.4","1.9","26.3","10.5","17.8","8.0","18.7","8.7","9.2","6.0","9.4","4.9","83803","16428","106581","15897","49.0","(X)","(X)","(X)","(X)","(X)","774","140","4.9","4.2","3.0","5.3","5.4","6.0","12.8","9.3","9.3","8.4","15.6","11.6","20.2","13.5","11.6","9.1","6.7","7.3","10.5","6.5","74545","26870","105461","23087","(X)","(X)","56.6","(X)","(X)","(X)","391","126","2.0","3.3","5.9","10.5","6.6","9.6","11.8","12.8","2.8","5.3","16.9","18.2","10.2","16.6","9.7","11.8","13.3","13.7","20.7","12.1","90969","52880","N","N","(X)","(X)","(X)","(X)","(X)","(X)","790","201","0.0","5.2","3.2","3.7","4.1","3.4","5.3","5.6","1.4","2.4","36.7","18.4","16.5","11.6","16.8","11.2","9.7","7.8","6.3","6.2","71458","22794","96361","20733","(X)","(X)","(X)","(X)","41.5","(X)",
"1400000US25025050901","Census Tract 509.01; Suffolk County; Massachusetts","1368","195","3.4","3.3","0.0","3.1","2.4","2.4","1.8","2.9","6.4","6.1","19.2","8.1","13.0","7.2","17.3","7.4","11.5","6.0","25.0","11.0","118167","48209","158834","33689","63.9","(X)","(X)","(X)","(X)","(X)","935","205","2.2","3.5","0.0","4.4","10.6","12.3","2.6","4.3","12.2","9.3","26.6","12.0","16.6","9.3","5.0","5.0","8.8","7.0","15.4","9.8","61875","21103","111419","29652","(X)","(X)","61.2","(X)","(X)","(X)","449","153","0.0","9.0","0.0","9.0","0.0","9.0","5.3","9.1","8.2","11.7","15.6","11.2","27.4","17.2","4.2","4.8","18.3","14.1","20.9","16.0","89479","61281","N","N","(X)","(X)","(X)","(X)","(X)","(X)","433","114","6.0","7.5","0.0","9.3","6.0","6.6","0.0","9.3","1.4","2.5","3.5","4.2","13.6","13.2","34.2","14.2","11.1","8.0","24.2","14.5","140172","8236","152859","33469","(X)","(X)","(X)","(X)","48.5","(X)",
"1400000US25025051000","Census Tract 510; Suffolk County; Massachusetts","2077","198","3.2","3.2","5.7","5.7","8.8","7.3","5.1","3.7","7.2","4.7","8.8","5.4","9.5","5.9","18.6","7.9","12.0","6.5","21.0","6.7","110344","33444","133385","21742","52.5","(X)","(X)","(X)","(X)","(X)","965","240","0.0","4.3","0.0","4.3","3.1","4.9","2.6","4.2","15.6","12.1","8.5","9.8","5.1","5.8","30.4","13.8","10.2","6.6","24.6","10.9","126745","10905","150944","31359","(X)","(X)","60.1","(X)","(X)","(X)","693","178","0.0","5.9","0.0","5.9","4.3","6.7","0.0","5.9","9.4","10.7","6.2","9.8","0.0","5.9","35.2","16.5","10.7","8.0","34.2","13.3","142969","42997","N","N","(X)","(X)","(X)","(X)","(X)","(X)","1112","195","5.9","5.7","10.6","10.2","13.8","12.4","7.3","5.8","5.8","5.6","9.4","6.5","7.5","6.7","19.4","11.7","4.6","4.4","15.6","9.2","66607","53197","107635","28936","(X)","(X)","(X)","(X)","43.6","(X)",
"1400000US25025051101","Census Tract 511.01; Suffolk County; Massachusetts","2661","485","1.4","1.6","5.2","7.5","11.1","8.4","4.2","3.9","5.3","4.4","23.2","11.0","11.6","7.9","16.3","9.9","9.2","5.5","12.4","5.9","74390","25580","107872","21157","57.0","(X)","(X)","(X)","(X)","(X)","1419","233","4.0","4.8","0.0","2.9","12.9","10.6","5.2","6.1","3.4","4.2","14.4","11.7","12.8","11.1","17.5","10.0","12.8","7.9","17.1","8.7","96357","33060","132759","30817","(X)","(X)","50.1","(X)","(X)","(X)","1011","218","5.6","7.1","0.0","4.1","0.0","4.1","0.9","2.0","2.4","4.4","13.7","14.3","17.9","14.5","24.5","13.2","15.7","10.0","19.2","9.8","112224","37401","N","N","(X)","(X)","(X)","(X)","(X)","(X)","1242","486","1.9","2.9","11.1","16.0","9.0","13.2","3.0","4.4","7.5","8.1","29.9","21.2","10.3","10.2","15.1","18.0","5.2","6.5","7.1","7.8","62064","18362","77188","21579","(X)","(X)","(X)","(X)","64.8","(X)",
"1400000US25025051200","Census Tract 512; Suffolk County; Massachusetts","1737","212","6.2","6.2","0.0","2.4","5.6","3.9","3.9","4.0","3.3","2.2","4.1","3.5","14.3","7.0","13.0","5.6","17.8","7.5","31.8","10.3","149543","45147","150195","17599","39.0","(X)","(X)","(X)","(X)","(X)","523","139","4.0","5.8","0.0","7.8","2.3","3.9","0.0","7.8","2.1","2.6","0.8","1.7","13.4","15.8","31.5","15.7","6.9","6.0","39.0","15.5","148689","57354","186802","33076","(X)","(X)","30.2","(X)","(X)","(X)","447","137","0.0","9.1","0.0","9.1","0.0","9.1","0.0","9.1","1.3","2.4","0.9","2.1","15.0","17.9","34.2","18.0","7.2","6.7","41.4","17.8","149604","97077","N","N","(X)","(X)","(X)","(X)","(X)","(X)","1214","230","8.8","8.7","0.0","3.4","7.1","5.4","5.5","5.8","3.9","3.1","5.6","5.0","12.9","6.9","9.6","5.9","18.5","8.7","28.1","12.7","120147","54486","130213","21837","(X)","(X)","(X)","(X)","41.0","(X)",
"1400000US25025060101","Census Tract 601.01; Suffolk County; Massachusetts","1875","199","0.8","1.0","0.6","0.9","1.5","1.3","2.6","2.3","2.7","3.1","4.3","3.0","13.0","4.9","18.2","5.4","15.8","6.8","40.5","8.2","170054","34464","209027","23379","33.1","(X)","(X)","(X)","(X)","(X)","744","153","0.0","5.5","0.0","5.5","2.3","2.8","0.0","5.5","5.6","7.4","2.6","3.0","18.4","9.1","16.8","8.0","9.1","8.3","45.2","14.2","179500","71396","226244","44513","(X)","(X)","28.2","(X)","(X)","(X)","560","139","0.0","7.3","0.0","7.3","3.0","3.9","0.0","7.3","7.5","9.6","2.1","3.6","12.9","11.1","10.9","8.5","5.5","8.4","58.0","17.7","223056","55144","N","N","(X)","(X)","(X)","(X)","(X)","(X)","1131","208","1.3","1.8","1.0","1.5","1.0","1.5","4.3","3.9","0.8","1.3","5.5","4.6","9.9","5.7","20.2","8.5","19.1","10.4","37.0","10.1","156452","21152","196080","26759","(X)","(X)","(X)","(X)","36.3","(X)",
"1400000US25025060200","Census Tract 602; Suffolk County; Massachusetts","994","94","1.2","1.4","0.7","1.4","1.5","1.4","2.6","3.2","11.1","3.7","7.5","5.3","9.9","5.6","8.2","4.8","16.1","7.4","41.1","9.7","182667","36614","213309","55981","36.3","(X)","(X)","(X)","(X)","(X)","299","90","2.7","4.2","0.0","13.2","3.3","4.1","1.7","2.3","0.0","13.2","5.0","8.6","10.0","11.9","9.4","9.7","13.4","7.4","54.5","17.7","211696","86843","327885","169939","(X)","(X)","35.1","(X)","(X)","(X)","247","82","3.2","5.0","0.0","15.8","2.4","3.7","2.0","2.8","0.0","15.8","6.1","10.6","12.1","14.7","3.6","3.9","12.6","7.3","57.9","19.8","250,000+","***","N","N","(X)","(X)","(X)","(X)","(X)","(X)","695","115","0.6","1.0","1.0","1.9","0.7","1.2","3.0","4.4","15.8","5.0","8.6","6.8","9.8","6.7","10.5","7.0","17.7","9.4","32.2","10.6","147375","46340","156949","22632","(X)","(X)","(X)","(X)","36.8","(X)",
"1400000US25025060301","Census Tract 603.01; Suffolk County; Massachusetts","1650","252","4.3","4.1","1.9","2.1","5.3","3.3","0.7","1.1","2.0","1.9","7.8","6.3","8.0","4.8","15.4","4.7","10.4","6.0","44.1","9.6","161750","51647","187176","22008","26.4","(X)","(X)","(X)","(X)","(X)","591","145","9.6","10.3","4.1","6.0","1.7","2.6","0.0","6.9","0.7","1.4","8.5","8.3","15.2","10.6","10.0","6.7","19.0","14.9","31.3","11.3","152788","33599","169838","31337","(X)","(X)","27.2","(X)","(X)","(X)","412","119","13.8","14.4","5.8","9.0","0.0","9.8","0.0","9.8","0.0","9.8","0.0","9.8","8.0","6.6","2.9","5.4","24.5","20.7","44.9","15.1","187981","63500","N","N","(X)","(X)","(X)","(X)","(X)","(X)","1059","250","1.3","1.9","0.8","0.9","7.4","4.8","1.1","1.8","3.1","3.0","7.5","8.6","4.0","3.4","18.0","7.0","5.6","3.4","51.3","13.3","208309","90097","196453","30864","(X)","(X)","(X)","(X)","25.9","(X)",
"1400000US25025060400","Census Tract 604; Suffolk County; Massachusetts","2514","245","4.9","4.4","1.1","1.2","1.2","1.8","2.0","3.2","1.6","2.0","4.9","4.2","6.5","4.5","11.7","4.9","13.5","6.3","52.7","9.4","207368","34444","236072","44002","47.9","(X)","(X)","(X)","(X)","(X)","976","249","9.2","11.4","0.0","4.3","0.0","4.3","0.0","4.3","2.5","3.9","2.6","4.2","5.2","5.9","14.4","9.8","19.9","13.4","46.2","15.5","183150","64876","289120","106936","(X)","(X)","66.9","(X)","(X)","(X)","777","204","2.2","4.1","0.0","5.3","0.0","5.3","0.0","5.3","0.0","5.3","3.2","5.2","6.6","7.2","15.4","10.7","14.5","9.9","58.0","14.9","250,000+","***","N","N","(X)","(X)","(X)","(X)","(X)","(X)","1538","248","2.1","2.7","1.8","1.9","2.0","2.8","3.3","5.1","1.1","1.9","6.4","6.4","7.3","6.0","11.2","6.2","9.4","5.0","55.4","10.9","211735","37017","201065","24560","(X)","(X)","(X)","(X)","35.9","(X)",
"1400000US25025060501","Census Tract 605.01; Suffolk County; Massachusetts","2119","262","0.0","2.0","0.0","2.0","2.7","4.0","0.0","2.0","0.0","2.0","9.7","6.0","3.1","2.6","23.0","10.0","12.9","6.8","48.6","9.2","191469","32521","246180","29836","39.8","(X)","(X)","(X)","(X)","(X)","794","214","0.0","5.2","0.0","5.2","0.0","5.2","0.0","5.2","0.0","5.2","16.6","11.6","5.3","4.3","13.7","12.0","9.7","9.1","54.7","14.0","209333","59346","307772","63014","(X)","(X)","52.6","(X)","(X)","(X)","691","205","0.0","6.0","0.0","6.0","0.0","6.0","0.0","6.0","0.0","6.0","16.6","13.0","6.1","5.0","9.3","11.4","11.1","10.2","56.9","14.3","232566","75983","N","N","(X)","(X)","(X)","(X)","(X)","(X)","1325","263","0.0","3.2","0.0","3.2","4.3","6.3","0.0","3.2","0.0","3.2","6.9","5.6","2.6","3.2","28.5","12.3","13.6","8.1","44.1","11.6","188774","46904","206648","27386","(X)","(X)","(X)","(X)","32.1","(X)",
"1400000US25025060601","Census Tract 606.01; Suffolk County; Massachusetts","1138","248","0.0","3.7","1.1","1.7","0.0","3.7","0.0","3.7","3.7","3.4","5.6","6.6","5.1","3.9","16.3","9.9","19.3","8.6","48.9","15.9","190833","77567","269766","68043","51.1","(X)","(X)","(X)","(X)","(X)","371","219","0.0","10.8","0.0","10.8","0.0","10.8","0.0","10.8","3.8","6.3","0.0","10.8","4.0","6.9","3.2","5.8","22.4","19.9","66.6","23.9","250,000+","***","309541","70762","(X)","(X)","63.1","(X)","(X)","(X)","267","201","0.0","14.7","0.0","14.7","0.0","14.7","0.0","14.7","5.2","9.1","0.0","14.7","0.0","14.7","0.0","14.7","13.9","16.7","80.9","20.7","250,000+","***","N","N","(X)","(X)","(X)","(X)","(X)","(X)","767","132","0.0","5.4","1.6","2.4","0.0","5.4","0.0","5.4","3.7","4.1","8.3","9.3","5.6","4.7","22.6","13.7","17.9","10.4","40.4","17.0","163292","55153","250527","91892","(X)","(X)","(X)","(X)","45.2","(X)",
"1400000US25025060602","Census Tract 606.02; Suffolk County; Massachusetts","296","115","1.7","2.6","3.4","5.1","9.5","14.0","4.4","5.0","0.0","13.3","3.4","4.1","3.7","4.3","27.7","24.5","10.5","8.7","35.8","19.4","143382","61532","155884","37707","29.1","(X)","(X)","(X)","(X)","(X)","68","37","0.0","41.1","0.0","41.1","0.0","41.1","11.8","17.5","0.0","41.1","0.0","41.1","0.0","41.1","0.0","41.1","7.4","11.9","80.9","21.1","250,000+","***","254366","63323","(X)","(X)","27.9","(X)","(X)","(X)","68","37","0.0","41.1","0.0","41.1","0.0","41.1","11.8","17.5","0.0","41.1","0.0","41.1","0.0","41.1","0.0","41.1","7.4","11.9","80.9","21.1","250,000+","***","N","N","(X)","(X)","(X)","(X)","(X)","(X)","228","114","2.2","3.5","4.4","6.9","12.3","18.3","2.2","4.2","0.0","16.9","4.4","5.6","4.8","5.9","36.0","30.0","11.4","11.6","22.4","22.7","119315","37198","126513","34344","(X)","(X)","(X)","(X)","29.4","(X)",
"1400000US25025060603","Census Tract 606.03; Suffolk County; Massachusetts","1399","120","3.2","3.4","0.0","3.0","3.5","4.3","0.4","0.7","7.3","6.3","3.3","2.2","8.2","7.6","17.1","7.0","12.4","6.6","44.7","10.0","176198","41402","230408","40150","29.8","(X)","(X)","(X)","(X)","(X)","403","131","0.0","10.0","0.0","10.0","0.0","10.0","0.0","10.0","0.0","10.0","0.0","10.0","0.0","10.0","14.9","16.4","10.4","9.3","74.7","17.5","250,000+","***","340009","70120","(X)","(X)","26.6","(X)","(X)","(X)","336","121","0.0","11.9","0.0","11.9","0.0","11.9","0.0","11.9","0.0","11.9","0.0","11.9","0.0","11.9","3.6","5.6","6.8","8.4","89.6","9.7","250,000+","***","N","N","(X)","(X)","(X)","(X)","(X)","(X)","996","159","4.5","4.7","0.0","4.2","4.9","6.1","0.5","1.0","10.2","8.6","4.6","3.1","11.5","10.4","18.0","6.7","13.2","8.0","32.5","9.7","143419","46443","186061","43664","(X)","(X)","(X)","(X)","31.1","(X)",
"1400000US25025060604","Census Tract 606.04; Suffolk County; Massachusetts","2116","202","0.9","1.5","0.7","1.1","0.7","1.0","0.4","0.6","0.5","0.7","3.8","2.6","10.4","6.0","20.0","7.6","15.2","7.4","47.4","10.0","183313","31235","273318","47927","25.0","(X)","(X)","(X)","(X)","(X)","578","150","0.0","7.1","0.0","7.1","2.4","3.7","0.0","7.1","0.0","7.1","0.0","7.1","2.6","3.2","10.0","8.8","18.0","15.6","67.0","15.7","250,000+","***","449344","146039","(X)","(X)","31.5","(X)","(X)","(X)","549","152","0.0","7.4","0.0","7.4","2.6","4.0","0.0","7.4","0.0","7.4","0.0","7.4","2.7","3.4","5.3","6.6","18.9","16.4","70.5","16.2","250,000+","***","N","N","(X)","(X)","(X)","(X)","(X)","(X)","1538","234","1.2","2.1","1.0","1.5","0.0","2.7","0.5","0.9","0.7","1.0","5.2","3.6","13.3","8.4","23.8","9.7","14.2","8.3","40.1","12.2","170217","42083","207112","34608","(X)","(X)","(X)","(X)","22.6","(X)",
"1400000US25025060700","Census Tract 607; Suffolk County; Massachusetts","779","280","15.3","9.4","10.3","7.8","41.7","21.2","2.4","3.4","0.0","5.3","17.7","10.0","3.7","3.6","6.9","6.2","0.9","1.4","1.0","1.7","23581","883","39367","11289","50.4","(X)","(X)","(X)","(X)","(X)","395","86","8.4","9.2","12.7","10.7","19.2","11.2","3.8","6.3","0.0","10.2","31.1","13.3","7.3","6.4","13.7","10.7","1.8","2.6","2.0","3.0","60688","42789","59089","14455","(X)","(X)","60.5","(X)","(X)","(X)","141","65","12.8","20.0","0.0","25.6","12.1","12.7","0.0","25.6","0.0","25.6","39.0","28.4","5.0","9.0","20.6","23.5","5.0","8.5","5.7","8.1","72880","15297","N","N","(X)","(X)","(X)","(X)","(X)","(X)","384","293","22.4","19.8","7.8","10.8","64.8","27.8","1.0","2.2","0.0","10.5","3.9","7.0","0.0","10.5","0.0","10.5","0.0","10.5","0.0","10.5","23103","5781","19080","4495","(X)","(X)","(X)","(X)","40.1","(X)",
"1400000US25025060800","Census Tract 608; Suffolk County; Massachusetts","2323","240","5.9","6.1","2.7","4.2","3.1","3.5","0.6","1.1","0.2","0.3","8.2","4.7","7.7","3.9","14.7","5.6","17.2","6.6","39.8","9.3","177739","31078","199292","32660","38.1","(X)","(X)","(X)","(X)","(X)","440","157","0.0","9.2","0.0","9.2","0.0","9.2","3.0","5.9","0.9","1.6","10.9","13.1","7.5","8.8","26.4","16.8","8.6","9.1","42.7","18.1","151000","55837","196859","43317","(X)","(X)","43.4","(X)","(X)","(X)","350","134","0.0","11.4","0.0","11.4","0.0","11.4","3.7","7.5","0.0","11.4","5.7","9.3","4.9","8.4","33.1","20.0","10.9","11.6","41.7","19.3","151500","51837","N","N","(X)","(X)","(X)","(X)","(X)","(X)","1883","247","7.2","7.4","3.3","5.1","3.8","4.3","0.0","2.2","0.3","0.4","7.4","5.2","7.7","5.0","12.0","5.6","19.2","8.0","39.1","10.2","178915","25471","199819","38224","(X)","(X)","(X)","(X)","36.8","(X)",
"1400000US25025061000","Census Tract 610; Suffolk County; Massachusetts","1120","209","13.2","8.4","6.6","5.2","4.0","3.6","3.0","4.6","4.4","5.2","5.6","4.4","7.1","6.0","8.5","4.9","4.7","3.5","42.8","12.4","131923","80760","205296","50737","37.7","(X)","(X)","(X)","(X)","(X)","513","200","15.8","14.9","0.0","7.9","1.6","2.6","6.6","10.1","9.6","11.4","6.2","5.9","1.6","2.6","4.1","4.8","2.1","3.7","52.4","22.0","-","**","258673","93426","(X)","(X)","42.7","(X)","(X)","(X)","325","193","0.0","12.2","0.0","12.2","0.0","12.2","0.0","12.2","15.1","18.6","7.4","9.0","0.0","12.2","1.2","2.4","0.0","12.2","76.3","21.3","250,000+","***","N","N","(X)","(X)","(X)","(X)","(X)","(X)","607","140","11.0","7.6","12.2","8.8","6.1","6.4","0.0","6.8","0.0","6.8","5.1","7.5","13.2","10.7","12.2","7.6","7.4","5.8","32.8","11.3","108047","35372","157029","36574","(X)","(X)","(X)","(X)","33.4","(X)",
"1400000US25025061101","Census Tract 611.01; Suffolk County; Massachusetts","1173","145","23.7","10.2","15.8","8.6","6.5","4.7","11.6","7.5","18.7","10.3","7.8","6.9","1.6","1.9","9.2","8.7","2.0","3.1","3.2","3.6","27474","10909","44785","12742","35.4","(X)","(X)","(X)","(X)","(X)","733","161","16.1","10.7","19.1","13.4","6.0","5.6","6.3","6.7","21.1","13.6","12.4","11.3","2.6","3.1","16.4","13.3","0.0","5.6","0.0","5.6","38190","21332","45267","13677","(X)","(X)","32.9","(X)","(X)","(X)","206","96","0.0","18.5","12.6","19.1","2.9","7.5","22.3","22.2","6.3","10.9","19.9","20.2","4.4","8.2","31.6","39.2","0.0","18.5","0.0","18.5","61111","51306","N","N","(X)","(X)","(X)","(X)","(X)","(X)","440","140","36.4","18.3","10.2","10.0","7.7","7.7","20.5","15.2","14.1","15.5","0.0","9.2","0.0","9.2","0.0","9.2","5.5","8.0","5.7","8.4","23304","18596","41273","25066","(X)","(X)","(X)","(X)","39.1","(X)",
"1400000US25025061201","Census Tract 612.01; Suffolk County; Massachusetts","995","187","2.3","2.9","2.3","4.0","12.4","14.2","4.0","5.9","2.2","2.2","5.1","4.2","10.4","9.7","13.6","7.4","12.9","9.7","34.9","12.3","128125","67199","173665","37786","27.6","(X)","(X)","(X)","(X)","(X)","393","187","0.0","10.2","0.0","10.2","29.3","31.8","0.0","10.2","1.8","3.2","1.5","2.9","21.9","21.9","3.3","4.8","6.6","10.3","35.6","25.4","-","**","170940","97964","(X)","(X)","6.1","(X)","(X)","(X)","322","169","0.0","12.3","0.0","12.3","33.5","37.5","0.0","12.3","0.0","12.3","1.9","3.6","9.0","11.6","4.0","6.0","8.1","12.4","43.5","30.9","-","**","N","N","(X)","(X)","(X)","(X)","(X)","(X)","602","124","3.8","4.7","3.8","6.3","1.3","2.1","6.6","9.6","2.5","3.1","7.5","6.5","2.8","3.3","20.3","12.1","16.9","14.1","34.4","16.0","156818","77233","175444","41854","(X)","(X)","(X)","(X)","41.7","(X)",
"1400000US25025061202","Census Tract 612.02; Suffolk County; Massachusetts","0","14","-","**","-","**","-","**","-","**","-","**","-","**","-","**","-","**","-","**","-","**","-","**","-","**","-","(X)","(X)","(X)","(X)","(X)","0","14","-","**","-","**","-","**","-","**","-","**","-","**","-","**","-","**","-","**","-","**","-","**","-","**","(X)","(X)","-","(X)","(X)","(X)","0","14","-","**","-","**","-","**","-","**","-","**","-","**","-","**","-","**","-","**","-","**","-","**","-","**","(X)","(X)","(X)","(X)","(X)","(X)","0","14","-","**","-","**","-","**","-","**","-","**","-","**","-","**","-","**","-","**","-","**","-","**","-","**","(X)","(X)","(X)","(X)","-","(X)",
"1400000US25025061203","Census Tract 612.03; Suffolk County; Massachusetts","1386","270","3.2","3.5","0.6","1.0","0.0","3.0","0.0","3.0","0.3","0.5","5.8","4.5","4.3","3.4","6.2","3.4","11.8","5.1","68.0","10.1","250,000+","***","306360","38616","33.6","(X)","(X)","(X)","(X)","(X)","426","104","1.2","2.1","0.0","9.5","0.0","9.5","0.0","9.5","0.9","1.6","8.5","11.6","0.9","2.0","12.0","8.4","7.5","6.9","69.0","14.0","250,000+","***","397567","96643","(X)","(X)","33.3","(X)","(X)","(X)","363","85","1.4","2.5","0.0","11.0","0.0","11.0","0.0","11.0","0.0","11.0","8.8","13.7","1.1","2.4","14.0","9.9","8.8","8.1","65.8","17.0","250,000+","***","N","N","(X)","(X)","(X)","(X)","(X)","(X)","960","265","4.1","4.9","0.8","1.4","0.0","4.3","0.0","4.3","0.0","4.3","5.0","4.8","5.7","4.8","3.2","3.2","13.6","6.9","67.5","13.4","250,000+","***","264887","31635","(X)","(X)","(X)","(X)","33.8","(X)",
"1400000US25025061204","Census Tract 612.04; Suffolk County; Massachusetts","604","219","2.0","2.0","1.5","2.6","1.2","2.0","2.6","3.3","5.6","5.1","5.5","4.6","2.2","2.3","12.6","6.8","30.8","24.9","36.1","15.2","171365","5305","235091","42171","11.1","(X)","(X)","(X)","(X)","(X)","159","48","3.8","6.1","0.0","23.2","4.4","7.8","0.0","23.2","10.1","14.2","0.0","23.2","0.0","23.2","4.4","7.3","16.4","14.2","61.0","19.5","250,000+","***","319715","109155","(X)","(X)","5.0","(X)","(X)","(X)","153","48","0.0","23.9","0.0","23.9","4.6","8.0","0.0","23.9","10.5","14.7","0.0","23.9","0.0","23.9","4.6","7.5","17.0","14.8","63.4","20.1","250,000+","***","N","N","(X)","(X)","(X)","(X)","(X)","(X)","445","216","1.3","2.1","2.0","3.6","0.0","9.1","3.6","4.7","4.0","4.1","7.4","6.7","2.9","3.3","15.5","9.3","36.0","32.2","27.2","16.7","170644","21789","203276","43278","(X)","(X)","(X)","(X)","13.3","(X)",
"1400000US25025070102","Census Tract 701.02; Suffolk County; Massachusetts","1263","169","11.2","9.9","11.2","8.2","8.9","6.2","0.0","3.3","0.7","1.3","7.1","6.3","4.5","4.0","21.3","9.4","9.5","5.8","25.7","7.7","123454","22075","151991","30946","24.9","(X)","(X)","(X)","(X)","(X)","486","178","27.8","22.4","0.0","8.4","12.1","13.0","0.0","8.4","0.0","8.4","2.7","4.3","0.0","8.4","23.7","19.5","12.8","14.4","21.0","12.4","123929","103290","135266","50205","(X)","(X)","24.5","(X)","(X)","(X)","429","179","30.1","25.2","0.0","9.4","13.8","14.6","0.0","9.4","0.0","9.4","3.0","4.8","0.0","9.4","26.8","21.7","4.7","5.7","21.7","14.5","-","**","N","N","(X)","(X)","(X)","(X)","(X)","(X)","777","158","0.8","1.2","18.1","12.7","6.8","6.3","0.0","5.3","1.2","2.1","9.9","9.6","7.3","6.5","19.8","11.9","7.5","4.5","28.6","11.2","122446","32215","162453","41895","(X)","(X)","(X)","(X)","25.2","(X)",
"1400000US25025070103","Census Tract 701.03; Suffolk County; Massachusetts","279","62","12.2","8.8","0.0","14.1","0.4","1.9","3.2","4.4","11.1","6.6","19.7","15.2","7.5","7.8","25.4","11.3","17.9","12.2","2.5","3.2","83750","31947","97144","18518","25.8","(X)","(X)","(X)","(X)","(X)","130","58","0.0","27.3","0.0","27.3","0.0","27.3","0.0","27.3","23.8","16.1","36.2","27.2","10.0","13.5","18.5","17.0","11.5","10.6","0.0","27.3","73750","9222","87022","15248","(X)","(X)","44.6","(X)","(X)","(X)","91","55","0.0","35.2","0.0","35.2","0.0","35.2","0.0","35.2","23.1","21.5","37.4","36.4","0.0","35.2","26.4","24.5","13.2","15.9","0.0","35.2","74087","46387","N","N","(X)","(X)","(X)","(X)","(X)","(X)","149","33","22.8","15.7","0.0","24.4","0.7","3.6","6.0","8.2","0.0","24.4","5.4","8.1","5.4","7.8","31.5","16.0","23.5","20.5","4.7","6.0","127614","68191","105977","31641","(X)","(X)","(X)","(X)","9.4","(X)",
"1400000US25025070104","Census Tract 701.04; Suffolk County; Massachusetts","1321","198","12.9","8.0","1.3","1.8","4.5","2.9","0.0","3.2","1.8","2.2","1.3","2.1","1.7","1.9","15.4","7.5","6.4","4.5","54.7","9.8","235950","67684","365228","94023","30.8","(X)","(X)","(X)","(X)","(X)","742","169","10.8","11.6","0.0","5.6","4.0","3.8","0.0","5.6","0.0","5.6","2.3","3.8","1.8","2.8","7.0","10.3","5.3","5.7","68.9","13.5","250,000+","***","508793","163855","(X)","(X)","33.2","(X)","(X)","(X)","554","140","0.0","7.4","0.0","7.4","5.4","5.0","0.0","7.4","0.0","7.4","3.1","5.2","0.0","7.4","9.4","13.6","7.0","7.3","75.1","13.9","250,000+","***","N","N","(X)","(X)","(X)","(X)","(X)","(X)","579","141","15.5","11.0","2.9","4.2","5.0","4.7","0.0","7.1","4.1","4.9","0.0","7.1","1.7","2.6","26.1","12.2","7.9","6.8","36.6","13.1","124375","39748","181247","51037","(X)","(X)","(X)","(X)","27.8","(X)",
"1400000US25025070201","Census Tract 702.01; Suffolk County; Massachusetts","972","170","15.6","7.9","13.2","9.6","11.2","7.2","4.9","6.1","12.9","9.1","10.7","4.4","6.4","3.5","9.4","6.6","0.7","1.2","15.0","8.0","39178","11279","87587","29054","46.8","(X)","(X)","(X)","(X)","(X)","247","75","13.8","14.3","9.7","11.1","29.6","18.8","3.2","5.4","3.2","4.9","23.5","13.7","0.0","15.8","0.0","15.8","0.0","15.8","17.0","16.5","-","**","83505","59499","(X)","(X)","39.7","(X)","(X)","(X)","154","78","19.5","17.6","5.8","9.8","27.9","19.7","5.2","8.6","5.2","7.9","9.1","13.1","0.0","23.8","0.0","23.8","0.0","23.8","27.3","22.6","-","**","N","N","(X)","(X)","(X)","(X)","(X)","(X)","725","173","16.3","9.3","14.3","12.5","5.0","6.2","5.5","8.4","16.1","12.4","6.3","5.7","8.6","4.6","12.6","9.0","1.0","1.7","14.3","9.7","39709","16351","88977","34140","(X)","(X)","(X)","(X)","49.2","(X)",
"1400000US25025070202","Census Tract 702.02; Suffolk County; Massachusetts","2069","239","16.3","7.4","5.3","6.9","15.4","7.9","6.1","3.9","9.2","5.0","9.7","4.8","7.5","4.6","6.3","4.3","8.5","5.2","15.7","7.4","43780","17810","102112","29465","29.9","(X)","(X)","(X)","(X)","(X)","721","184","0.0","5.7","0.0","5.7","11.7","8.2","15.4","10.5","17.6","10.6","12.3","8.0","4.7","4.8","5.8","8.6","1.7","2.7","30.8","15.7","67572","32536","160374","66831","(X)","(X)","45.2","(X)","(X)","(X)","527","190","0.0","7.7","0.0","7.7","8.3","9.7","14.2","13.4","20.7","13.4","12.1","10.7","4.4","5.2","0.0","7.7","2.3","3.7","38.0","18.7","-","**","N","N","(X)","(X)","(X)","(X)","(X)","(X)","1348","223","25.1","11.6","8.2","10.4","17.4","11.2","1.2","1.6","4.7","4.5","8.2","6.2","9.0","5.9","6.6","5.5","12.1","7.8","7.6","5.4","-","**","70949","18333","(X)","(X)","(X)","(X)","21.7","(X)",
"1400000US25025070301","Census Tract 703.01; Suffolk County; Massachusetts","1226","256","8.6","10.8","2.0","2.2","0.0","3.4","1.2","1.9","5.3","4.0","4.5","5.0","3.1","2.7","19.7","10.9","10.3","6.9","45.3","10.5","191346","72279","294414","102196","26.7","(X)","(X)","(X)","(X)","(X)","408","111","0.0","9.9","3.7","5.7","0.0","9.9","0.0","9.9","0.0","9.9","0.0","9.9","2.5","4.5","6.1","6.6","11.3","12.6","76.5","14.5","250,000+","***","531397","260949","(X)","(X)","39.0","(X)","(X)","(X)","368","105","0.0","10.9","4.1","6.2","0.0","10.9","0.0","10.9","0.0","10.9","0.0","10.9","2.7","5.0","6.8","7.4","12.5","13.9","73.9","16.3","250,000+","***","N","N","(X)","(X)","(X)","(X)","(X)","(X)","818","239","13.0","15.7","1.2","1.6","0.0","5.1","1.8","2.9","7.9","6.1","6.7","7.4","3.4","3.8","26.4","15.5","9.8","7.8","29.7","12.4","145491","28340","176213","42423","(X)","(X)","(X)","(X)","20.5","(X)",
"1400000US25025070302","Census Tract 703.02; Suffolk County; Massachusetts","1069","167","9.9","8.0","12.2","7.5","9.4","9.2","4.7","4.0","4.0","4.6","2.0","2.2","2.0","2.5","13.6","7.6","4.3","4.4","38.1","11.3","121917","35994","206175","61060","38.2","(X)","(X)","(X)","(X)","(X)","310","117","0.0","12.8","0.0","12.8","7.1","8.9","0.0","12.8","0.0","12.8","0.0","12.8","0.0","12.8","5.2","6.6","8.7","10.6","79.0","15.1","250,000+","***","456555","108640","(X)","(X)","46.5","(X)","(X)","(X)","303","116","0.0","13.1","0.0","13.1","7.3","9.2","0.0","13.1","0.0","13.1","0.0","13.1","0.0","13.1","5.3","6.7","8.9","10.8","78.5","15.4","250,000+","***","N","N","(X)","(X)","(X)","(X)","(X)","(X)","759","162","14.0","11.3","17.1","10.3","10.3","12.2","6.6","5.6","5.7","6.6","2.8","3.2","2.8","3.5","17.0","10.3","2.5","3.1","21.3","9.6","-","**","102442","29355","(X)","(X)","(X)","(X)","34.8","(X)",
"1400000US25025070402","Census Tract 704.02; Suffolk County; Massachusetts","2012","255","13.3","5.8","11.4","7.3","5.8","4.6","5.0","2.5","8.0","5.7","4.2","2.7","9.6","7.3","9.3","4.1","5.2","2.7","28.0","8.0","78625","27258","131845","25226","36.0","(X)","(X)","(X)","(X)","(X)","585","116","8.5","8.3","11.3","10.4","12.0","12.7","10.9","8.7","3.8","4.6","7.9","6.2","2.4","4.0","8.2","8.8","5.6","4.5","29.4","14.7","58450","57771","121007","42115","(X)","(X)","48.2","(X)","(X)","(X)","413","110","12.1","12.0","1.5","2.9","15.0","16.3","2.9","3.6","0.0","9.8","11.1","8.9","3.4","5.6","5.8","8.9","8.0","6.2","40.2","17.9","-","**","N","N","(X)","(X)","(X)","(X)","(X)","(X)","1427","246","15.6","7.9","11.4","9.8","3.3","3.1","2.5","2.6","9.7","7.7","2.9","2.7","12.6","10.1","9.3","4.7","5.0","3.6","27.5","9.8","79088","18156","135810","31854","(X)","(X)","(X)","(X)","30.7","(X)",
"1400000US25025070501","Census Tract 705.01; Suffolk County; Massachusetts","1028","122","3.6","2.9","0.0","4.0","0.0","4.0","2.4","3.0","0.0","4.0","2.8","3.2","10.1","9.3","20.1","9.7","5.7","3.8","55.2","9.3","225000","41786","291887","58542","34.4","(X)","(X)","(X)","(X)","(X)","356","81","0.0","11.2","0.0","11.2","0.0","11.2","0.0","11.2","0.0","11.2","5.6","8.3","3.7","5.9","5.6","8.2","4.2","5.6","80.9","11.6","250,000+","***","449931","110155","(X)","(X)","37.6","(X)","(X)","(X)","349","78","0.0","11.5","0.0","11.5","0.0","11.5","0.0","11.5","0.0","11.5","5.7","8.5","3.7","6.0","5.7","8.3","2.3","4.5","82.5","12.2","250,000+","***","N","N","(X)","(X)","(X)","(X)","(X)","(X)","672","116","5.5","4.4","0.0","6.1","0.0","6.1","3.7","4.4","0.0","6.1","1.3","2.2","13.5","13.1","27.8","13.9","6.5","5.0","41.5","12.9","136087","77714","203230","48330","(X)","(X)","(X)","(X)","31.5","(X)",
"1400000US25025070502","Census Tract 705.02; Suffolk County; Massachusetts","1911","411","9.8","6.0","18.6","15.0","10.6","8.1","2.2","2.2","1.8","1.9","8.0","5.6","4.1","2.6","9.8","5.6","4.0","2.6","31.0","10.2","71736","68533","179492","48076","41.7","(X)","(X)","(X)","(X)","(X)","761","246","6.6","5.2","0.0","5.4","17.9","15.8","4.2","5.1","1.8","3.0","14.7","12.7","2.2","3.4","9.9","10.5","0.0","5.4","42.7","13.3","-","**","270965","79200","(X)","(X)","39.3","(X)","(X)","(X)","688","235","4.2","4.0","0.0","6.0","16.9","17.6","4.7","5.6","2.0","3.3","14.1","13.6","0.0","6.0","10.9","11.4","0.0","6.0","47.2","15.8","-","**","N","N","(X)","(X)","(X)","(X)","(X)","(X)","1150","355","12.0","9.9","30.9","22.3","5.8","7.3","0.9","1.4","1.8","2.4","3.6","3.7","5.3","4.8","9.8","6.2","6.6","4.7","23.3","13.2","-","**","118960","49681","(X)","(X)","(X)","(X)","43.2","(X)",
"1400000US25025070600","Census Tract 706; Suffolk County; Massachusetts","1121","155","2.3","2.9","3.5","4.3","1.2","1.5","0.6","1.0","1.7","1.8","3.4","2.2","1.1","1.6","12.2","5.6","14.9","6.9","59.1","8.5","243229","17771","407688","73354","35.7","(X)","(X)","(X)","(X)","(X)","390","96","0.0","10.3","3.1","5.1","1.8","2.8","0.0","10.3","2.8","5.3","0.0","10.3","0.0","10.3","1.5","2.7","7.2","6.4","83.6","10.1","250,000+","***","660970","165851","(X)","(X)","48.5","(X)","(X)","(X)","366","84","0.0","11.0","3.3","5.4","1.9","2.9","0.0","11.0","3.0","5.6","0.0","11.0","0.0","11.0","1.6","2.9","7.7","6.8","82.5","10.7","250,000+","***","N","N","(X)","(X)","(X)","(X)","(X)","(X)","731","144","3.6","4.4","3.7","5.9","1.0","1.8","1.0","1.6","1.1","2.0","5.2","3.4","1.6","2.4","17.9","8.5","19.0","9.4","46.0","11.7","187639","39850","272559","54322","(X)","(X)","(X)","(X)","28.9","(X)",
"1400000US25025070700","Census Tract 707; Suffolk County; Massachusetts","1459","247","2.4","2.3","2.9","2.3","11.2","9.8","8.3","5.1","2.7","2.7","12.1","8.2","4.7","4.1","11.2","11.3","9.0","5.8","35.6","11.0","128570","51166","260191","66746","39.1","(X)","(X)","(X)","(X)","(X)","609","211","9.5","7.9","3.1","4.1","2.5","4.0","2.0","3.6","3.8","5.1","2.1","3.4","0.0","6.7","19.4","24.3","10.0","9.4","47.6","18.2","184205","105051","307859","104769","(X)","(X)","42.5","(X)","(X)","(X)","368","110","0.0","10.9","0.0","10.9","4.1","5.8","3.3","5.7","2.4","4.2","3.5","5.3","0.0","10.9","0.0","10.9","16.6","13.3","70.1","18.0","250,000+","***","N","N","(X)","(X)","(X)","(X)","(X)","(X)","850","201","4.1","4.0","2.7","3.2","17.4","15.2","6.0","6.1","1.9","3.3","19.2","12.8","8.1","7.1","5.3","5.1","8.4","7.0","26.9","12.8","-","**","223946","89728","(X)","(X)","(X)","(X)","29.8","(X)",
"1400000US25025070801","Census Tract 708.01; Suffolk County; Massachusetts","595","127","10.8","9.3","8.7","12.2","11.3","6.0","1.2","1.9","26.6","15.4","9.4","5.9","8.6","6.5","3.5","2.9","6.2","2.6","13.8","8.4","46525","5424","75943","19381","22.9","(X)","(X)","(X)","(X)","(X)","65","29","0.0","42.1","3.1","7.4","10.8","17.5","0.0","42.1","23.1","27.8","10.8","17.6","0.0","42.1","0.0","42.1","33.8","14.7","18.5","13.5","-","**","130548","43603","(X)","(X)","13.8","(X)","(X)","(X)","50","18","0.0","48.0","4.0","9.0","14.0","21.7","0.0","48.0","0.0","48.0","14.0","21.8","0.0","48.0","0.0","48.0","44.0","15.3","24.0","14.8","168523","39164","N","N","(X)","(X)","(X)","(X)","(X)","(X)","530","131","12.1","10.6","9.4","13.6","11.3","6.5","1.3","2.2","27.0","18.0","9.2","6.6","9.6","7.5","4.0","3.3","2.8","2.6","13.2","9.6","45879","4642","69247","21223","(X)","(X)","(X)","(X)","24.0","(X)",
"1400000US25025070802","Census Tract 708.02; Suffolk County; Massachusetts","1403","234","8.1","5.7","3.0","2.9","10.5","10.8","3.6","4.0","6.2","5.3","7.5","6.0","11.4","6.2","13.7","5.8","11.5","6.6","24.6","8.1","98250","31023","163031","34675","42.8","(X)","(X)","(X)","(X)","(X)","405","105","0.0","10.0","0.0","10.0","1.5","2.6","7.2","10.8","15.1","16.1","2.7","4.2","9.4","14.7","17.0","12.4","0.0","10.0","47.2","16.5","-","**","289042","85304","(X)","(X)","54.6","(X)","(X)","(X)","235","73","0.0","16.5","0.0","16.5","2.6","4.3","0.0","16.5","4.3","6.6","0.0","16.5","0.0","16.5","16.2","14.4","0.0","16.5","77.0","15.2","244028","53923","N","N","(X)","(X)","(X)","(X)","(X)","(X)","998","245","11.3","8.1","4.2","4.2","14.1","14.6","2.2","3.3","2.6","3.2","9.4","8.3","12.2","6.6","12.3","6.8","16.1","9.6","15.4","7.9","85357","31718","111476","25489","(X)","(X)","(X)","(X)","38.1","(X)",
"1400000US25025070901","Census Tract 709.01; Suffolk County; Massachusetts","597","220","5.4","5.8","4.9","4.7","30.0","19.8","7.2","7.6","25.0","17.5","6.9","5.8","3.9","3.8","5.0","6.0","5.0","5.4","6.9","5.1","39583","18823","76632","32694","25.3","(X)","(X)","(X)","(X)","(X)","205","78","0.0","18.6","0.0","18.6","23.4","22.6","21.0","21.5","23.9","23.8","5.4","8.4","0.0","18.6","4.9","7.0","8.3","12.0","13.2","10.0","42981","18463","86630","31511","(X)","(X)","45.4","(X)","(X)","(X)","83","44","0.0","37.2","0.0","37.2","0.0","37.2","31.3","35.6","10.8","19.2","13.3","20.7","0.0","37.2","12.0","17.3","0.0","37.2","32.5","25.1","-","**","N","N","(X)","(X)","(X)","(X)","(X)","(X)","392","202","8.2","9.3","7.4","7.7","33.4","28.9","0.0","10.3","25.5","25.3","7.7","8.8","5.9","6.1","5.1","8.2","3.3","4.5","3.6","4.9","-","**","71404","45340","(X)","(X)","(X)","(X)","14.8","(X)",
"1400000US25025070902","Census Tract 709.02; Suffolk County; Massachusetts","1151","110","3.3","3.8","6.8","4.4","6.6","5.8","3.2","3.0","0.9","1.5","4.1","2.9","7.8","6.1","12.9","6.6","8.3","6.8","46.1","10.5","164289","67308","233253","47211","33.7","(X)","(X)","(X)","(X)","(X)","538","115","0.0","7.6","2.8","4.1","9.9","10.7","2.8","4.4","1.9","3.3","1.1","1.7","6.9","9.9","9.7","9.0","3.3","4.3","61.7","16.8","238110","63452","285371","77735","(X)","(X)","43.5","(X)","(X)","(X)","485","116","0.0","8.4","0.0","8.4","10.9","11.6","0.0","8.4","2.1","3.7","0.0","8.4","7.6","10.9","7.2","7.9","3.7","4.8","68.5","18.4","239726","42681","N","N","(X)","(X)","(X)","(X)","(X)","(X)","613","138","6.2","7.1","10.3","7.4","3.8","4.4","3.6","4.0","0.0","6.7","6.7","5.4","8.6","6.3","15.8","9.5","12.6","12.8","32.5","14.0","121917","51664","174055","43294","(X)","(X)","(X)","(X)","22.5","(X)",
"1400000US25025071101","Census Tract 711.01; Suffolk County; Massachusetts","2282","214","12.9","6.1","5.0","4.4","6.0","5.2","4.0","2.6","2.1","1.9","13.9","6.6","5.4","3.9","16.7","7.6","8.8","6.0","25.0","8.2","101204","37288","143809","27304","33.7","(X)","(X)","(X)","(X)","(X)","748","239","15.6","16.6","6.7","7.3","0.0","5.5","4.5","7.5","0.0","5.5","13.1","9.8","1.9","3.1","21.1","14.9","7.2","10.4","29.8","13.8","130951","48440","189771","74241","(X)","(X)","46.8","(X)","(X)","(X)","486","149","8.2","11.3","7.0","9.6","0.0","8.4","0.0","8.4","0.0","8.4","20.2","13.2","0.0","8.4","13.2","11.7","11.1","15.3","40.3","19.3","156458","91075","N","N","(X)","(X)","(X)","(X)","(X)","(X)","1534","219","11.6","5.9","4.2","5.9","8.9","7.8","3.8","3.0","3.2","2.9","14.3","8.4","7.2","5.3","14.6","9.5","9.6","7.3","22.7","10.3","84804","37801","121397","26072","(X)","(X)","(X)","(X)","27.3","(X)",
"1400000US25025071201","Census Tract 712.01; Suffolk County; Massachusetts","1904","179","15.8","7.9","3.6","2.7","5.0","4.7","2.6","2.5","8.0","7.8","4.3","2.5","6.9","3.4","12.3","5.0","10.5","3.9","31.1","6.9","112222","27651","207773","44306","39.7","(X)","(X)","(X)","(X)","(X)","881","171","13.6","15.2","0.0","4.7","4.9","5.9","4.7","5.1","17.4","16.1","3.7","3.6","5.4","4.7","10.6","8.0","9.2","6.0","30.5","10.5","100347","49816","197072","67932","(X)","(X)","60.5","(X)","(X)","(X)","609","200","3.8","5.5","0.0","6.7","5.4","8.4","1.8","2.6","22.8","20.2","3.3","4.0","4.6","5.5","5.6","7.1","8.5","7.8","44.2","16.3","171705","115276","N","N","(X)","(X)","(X)","(X)","(X)","(X)","1023","153","17.6","5.9","6.6","4.8","5.1","7.0","0.8","1.3","0.0","4.1","4.7","3.2","8.1","4.9","13.9","6.1","11.6","5.3","31.6","9.9","116801","41075","216989","61129","(X)","(X)","(X)","(X)","21.7","(X)",
"1400000US25025080100","Census Tract 801; Suffolk County; Massachusetts","814","99","12.8","7.0","1.0","2.7","14.1","7.7","8.1","5.9","1.0","1.7","15.0","9.1","9.7","6.4","9.2","5.5","9.1","7.3","20.0","9.2","73400","24294","111696","23809","36.5","(X)","(X)","(X)","(X)","(X)","373","122","5.4","13.4","0.0","10.8","0.5","1.9","9.1","10.3","0.8","3.3","21.4","16.7","7.2","8.8","4.3","4.0","13.4","14.3","37.8","18.9","165972","149216","169122","51597","(X)","(X)","51.2","(X)","(X)","(X)","239","111","0.0","16.2","0.0","16.2","0.0","16.2","7.9","12.6","0.0","16.2","13.0","14.9","11.3","13.9","6.7","7.2","3.3","4.8","57.7","23.3","202011","95500","N","N","(X)","(X)","(X)","(X)","(X)","(X)","441","102","19.0","11.2","1.8","5.1","25.6","13.0","7.3","7.8","1.1","1.6","9.5","7.6","16.8","11.0","8.4","5.9","7.5","8.4","2.9","5.1","-","**","59512","20398","(X)","(X)","(X)","(X)","24.0","(X)",
"1400000US25025080300","Census Tract 803; Suffolk County; Massachusetts","912","122","25.4","12.8","1.9","2.2","12.2","9.7","4.5","4.1","12.4","9.6","16.0","9.6","12.3","9.1","3.2","2.2","3.9","4.1","8.2","6.5","45962","19791","73687","24742","36.0","(X)","(X)","(X)","(X)","(X)","504","123","11.5","9.4","0.0","8.1","8.5","8.3","4.0","6.5","15.9","15.1","21.2","14.1","16.7","16.1","7.9","5.5","1.6","2.5","12.7","10.6","60200","19883","98019","34461","(X)","(X)","41.1","(X)","(X)","(X)","210","99","0.0","18.2","0.0","18.2","0.0","18.2","0.0","18.2","2.4","4.6","14.8","18.0","40.0","31.2","13.8","12.0","3.8","6.4","25.2","25.0","95938","45669","N","N","(X)","(X)","(X)","(X)","(X)","(X)","408","139","42.6","20.8","4.2","4.8","16.7","18.9","5.1","6.1","8.1","9.7","9.6","10.0","6.9","6.4","0.0","9.9","6.9","10.0","0.0","9.9","18516","14546","34045","18189","(X)","(X)","(X)","(X)","29.7","(X)",
"1400000US25025080401","Census Tract 804.01; Suffolk County; Massachusetts","1418","217","18.5","8.8","5.9","4.6","16.6","8.6","11.1","8.4","18.8","9.2","12.5","9.0","3.1","2.8","10.6","5.6","0.7","0.8","2.1","1.9","29375","13912","44711","8201","43.9","(X)","(X)","(X)","(X)","(X)","668","112","16.6","12.1","0.7","2.5","9.3","7.1","10.9","11.1","29.3","13.1","8.2","8.0","7.3","6.3","14.7","8.1","0.0","6.2","2.8","3.1","40616","3992","54415","12526","(X)","(X)","39.7","(X)","(X)","(X)","130","59","0.0","27.3","0.0","27.3","5.4","10.8","13.8","21.1","22.3","21.9","0.0","27.3","14.6","21.9","29.2","22.5","0.0","27.3","14.6","16.0","86447","70989","N","N","(X)","(X)","(X)","(X)","(X)","(X)","750","203","20.3","11.2","10.5","8.3","23.2","14.6","11.2","12.7","9.3","13.2","16.3","14.4","1.1","1.7","5.3","6.9","1.3","1.6","1.5","2.4","23500","7367","35596","9622","(X)","(X)","(X)","(X)","47.7","(X)",
"1400000US25025080500","Census Tract 805; Suffolk County; Massachusetts","1397","237","11.3","6.0","9.1","5.0","7.7","6.3","5.9","4.0","16.3","7.3","16.5","13.3","12.5","6.0","14.0","7.2","6.6","4.4","0.0","3.0","49375","12629","59642","7901","54.3","(X)","(X)","(X)","(X)","(X)","785","146","11.2","8.8","6.1","5.6","8.5","9.4","10.8","8.3","14.1","8.9","8.2","6.9","20.0","9.9","9.7","6.4","11.3","7.3","0.0","5.3","49097","14560","64526","11862","(X)","(X)","55.0","(X)","(X)","(X)","197","78","0.0","19.3","0.0","19.3","0.0","19.3","0.0","19.3","27.9","21.4","0.0","19.3","20.8","14.8","24.9","20.2","26.4","18.8","0.0","19.3","107917","43954","N","N","(X)","(X)","(X)","(X)","(X)","(X)","612","255","11.4","8.3","12.9","9.6","6.5","6.2","2.9","3.9","19.1","12.1","24.0","25.9","7.2","6.9","15.8","13.0","0.0","6.7","0.0","6.7","39857","26345","49330","9737","(X)","(X)","(X)","(X)","53.4","(X)",
"1400000US25025080601","Census Tract 806.01; Suffolk County; Massachusetts","700","141","26.7","12.7","10.6","8.1","13.7","8.6","8.6","9.2","6.6","6.6","7.7","5.1","13.0","11.6","1.9","2.9","2.9","4.1","8.4","7.3","21250","13559","54123","17748","46.1","(X)","(X)","(X)","(X)","(X)","228","118","22.8","24.0","6.1","8.6","5.3","12.8","26.3","25.2","3.9","10.0","0.0","16.9","4.8","6.8","5.7","9.9","5.7","11.0","19.3","18.1","27045","12298","83232","39784","(X)","(X)","75.0","(X)","(X)","(X)","110","78","0.0","31.0","0.0","31.0","0.0","31.0","54.5","37.0","0.0","31.0","0.0","31.0","10.0","14.9","11.8","19.4","11.8","23.2","11.8","17.7","-","**","N","N","(X)","(X)","(X)","(X)","(X)","(X)","472","119","28.6","13.1","12.7","10.0","17.8","10.5","0.0","8.6","7.8","7.8","11.4","7.6","16.9","16.3","0.0","8.6","1.5","2.9","3.2","3.8","18918","11550","40061","12886","(X)","(X)","(X)","(X)","32.2","(X)",
"1400000US25025080801","Census Tract 808.01; Suffolk County; Massachusetts","1042","196","8.3","5.6","14.9","10.4","17.5","14.8","9.5","8.3","6.3","5.1","9.9","7.5","15.3","13.4","8.1","7.5","8.8","9.8","1.5","2.3","34773","30267","58769","17466","72.1","(X)","(X)","(X)","(X)","(X)","603","207","2.5","4.5","12.4","11.7","24.0","20.0","8.8","9.9","5.1","6.1","15.6","12.2","10.9","10.5","11.4","12.3","6.5","9.4","2.7","4.0","40724","36556","63803","21551","(X)","(X)","71.0","(X)","(X)","(X)","189","108","0.0","20.0","0.0","20.0","9.0","15.5","9.0","14.4","0.0","20.0","7.9","12.9","21.2","22.8","32.3","33.0","20.6","27.8","0.0","20.0","100724","69056","N","N","(X)","(X)","(X)","(X)","(X)","(X)","439","185","16.2","12.2","18.2","19.4","33.7","31.0","10.5","15.1","3.9","6.5","5.5","6.5","0.0","9.2","0.0","9.2","12.1","18.4","0.0","9.2","16307","7264","36260","25328","(X)","(X)","(X)","(X)","73.6","(X)",
"1400000US25025080900","Census Tract 809; Suffolk County; Massachusetts","1556","142","15.2","6.0","0.9","1.1","4.8","4.3","1.6","1.5","8.7","4.0","19.0","7.5","19.5","6.9","15.7","6.7","6.7","5.5","8.0","3.6","74964","16937","95664","15583","30.7","(X)","(X)","(X)","(X)","(X)","224","95","0.0","17.2","0.0","17.2","0.0","17.2","0.0","17.2","11.6","12.7","10.7","15.8","28.1","24.7","7.1","8.0","34.4","28.9","8.0","9.3","-","**","127817","31866","(X)","(X)","38.4","(X)","(X)","(X)","103","46","0.0","32.4","0.0","32.4","0.0","32.4","0.0","32.4","25.2","23.7","0.0","32.4","20.4","17.1","9.7","14.7","27.2","23.5","17.5","18.4","131125","116718","N","N","(X)","(X)","(X)","(X)","(X)","(X)","1332","146","17.7","7.1","1.1","1.3","5.6","4.9","1.9","1.8","8.2","4.3","20.3","8.8","20.5","7.8","14.7","7.1","2.1","3.0","8.0","4.0","72717","19449","89002","17232","(X)","(X)","(X)","(X)","29.4","(X)",
"1400000US25025081001","Census Tract 810.01; Suffolk County; Massachusetts","2416","336","11.6","5.6","15.3","7.5","12.1","6.5","6.1","3.7","5.8","3.8","23.2","9.4","4.0","3.2","10.2","5.4","7.9","6.3","3.8","3.3","44360","15268","64759","13073","44.4","(X)","(X)","(X)","(X)","(X)","792","240","3.4","5.7","11.1","10.8","15.5","10.9","1.4","3.1","16.5","11.1","25.9","19.1","0.0","5.2","15.9","12.2","0.0","5.2","10.2","10.0","50339","12628","76144","28313","(X)","(X)","35.7","(X)","(X)","(X)","425","195","0.0","9.5","17.9","19.7","1.9","3.7","2.6","5.7","24.9","16.5","12.5","14.0","0.0","9.5","21.2","16.7","0.0","9.5","19.1","18.6","-","**","N","N","(X)","(X)","(X)","(X)","(X)","(X)","1624","319","15.6","7.9","17.3","9.4","10.5","6.9","8.4","5.6","0.5","0.7","21.9","10.2","6.0","4.8","7.4","5.2","11.8","9.1","0.7","1.1","-","**","59207","13986","(X)","(X)","(X)","(X)","48.6","(X)",
"1400000US25025081101","Census Tract 811.01; Suffolk County; Massachusetts","857","105","4.9","3.7","2.8","3.2","10.9","7.7","5.4","5.7","6.2","3.9","13.7","6.4","15.2","10.1","14.0","6.2","15.3","6.8","11.8","6.0","85531","10251","106522","17072","18.6","(X)","(X)","(X)","(X)","(X)","236","71","0.0","16.4","5.5","9.2","0.0","16.4","0.0","16.4","4.2","7.0","0.0","16.4","19.9","21.5","17.4","11.6","25.4","10.9","27.5","19.0","150500","32971","160215","32391","(X)","(X)","4.2","(X)","(X)","(X)","217","67","0.0","17.7","6.0","10.0","0.0","17.7","0.0","17.7","4.6","7.6","0.0","17.7","16.6","22.6","18.9","12.9","27.6","12.2","26.3","19.6","150607","29356","N","N","(X)","(X)","(X)","(X)","(X)","(X)","621","114","6.8","5.1","1.8","2.7","15.0","10.3","7.4","7.7","6.9","4.7","18.8","9.3","15.1","9.8","12.7","6.9","11.4","8.2","4.0","4.7","68315","16272","80384","16668","(X)","(X)","(X)","(X)","22.2","(X)",
"1400000US25025081102","Census Tract 811.02; Suffolk County; Massachusetts","1149","250","6.4","4.2","3.8","3.3","1.5","1.9","7.7","5.7","6.1","4.3","10.5","6.0","9.8","5.9","21.8","16.3","15.3","10.1","17.1","7.4","120092","52687","132991","22636","35.9","(X)","(X)","(X)","(X)","(X)","390","234","0.0","10.3","0.0","10.3","4.4","5.7","9.7","11.5","1.5","3.0","8.2","11.0","13.3","14.6","43.1","36.5","9.0","10.2","10.8","14.2","120688","34157","121770","26929","(X)","(X)","27.7","(X)","(X)","(X)","158","62","0.0","23.3","0.0","23.3","10.8","13.9","20.3","22.3","0.0","23.3","20.3","20.5","17.1","19.0","6.3","9.6","16.5","17.9","8.9","14.1","69844","47394","N","N","(X)","(X)","(X)","(X)","(X)","(X)","759","128","9.6","6.1","5.8","4.7","0.0","5.4","6.6","6.6","8.4","6.3","11.7","8.1","8.0","5.3","10.8","7.1","19.2","13.3","19.8","9.7","82125","68010","138148","35564","(X)","(X)","(X)","(X)","40.1","(X)",
"1400000US25025081200","Census Tract 812; Suffolk County; Massachusetts","1262","125","13.2","6.9","8.7","6.2","16.4","8.0","4.9","4.3","9.1","6.8","7.9","5.4","11.8","6.1","13.7","7.7","6.8","3.0","7.4","3.5","48490","25079","78692","14132","58.6","(X)","(X)","(X)","(X)","(X)","857","129","12.7","8.8","8.5","7.9","14.8","9.7","4.2","3.9","11.9","8.7","1.5","2.2","10.3","6.4","20.2","11.1","8.5","4.5","7.4","4.8","-","**","85556","20300","(X)","(X)","64.6","(X)","(X)","(X)","272","117","0.0","14.4","0.0","14.4","4.4","7.0","5.5","8.2","8.8","12.0","0.0","14.4","18.0","18.4","19.9","22.7","26.8","15.4","16.5","12.5","104167","73390","N","N","(X)","(X)","(X)","(X)","(X)","(X)","405","115","14.1","12.1","9.1","9.4","19.8","16.0","6.4","10.2","3.2","5.6","21.5","16.2","15.1","12.1","0.0","10.0","3.2","4.6","7.7","6.9","42981","42140","63658","19756","(X)","(X)","(X)","(X)","45.7","(X)",
"1400000US25025081301","Census Tract 813.01; Suffolk County; Massachusetts","1156","214","10.4","9.8","18.6","10.0","9.2","9.3","14.8","15.2","11.2","12.3","2.9","5.8","12.6","12.4","14.9","11.3","5.4","7.7","0.0","3.6","34346","8708","54116","16547","52.3","(X)","(X)","(X)","(X)","(X)","617","221","2.1","3.8","25.0","26.6","10.5","16.3","0.0","6.7","16.9","21.4","3.4","8.3","12.2","19.9","27.9","23.1","2.1","3.7","0.0","6.7","-","**","61409","19275","(X)","(X)","52.5","(X)","(X)","(X)","317","139","2.2","5.0","10.4","17.1","20.5","26.2","0.0","12.5","19.6","25.4","3.2","5.6","3.8","8.0","40.4","31.2","0.0","12.5","0.0","12.5","-","**","N","N","(X)","(X)","(X)","(X)","(X)","(X)","539","171","19.9","22.9","33.8","21.8","7.6","10.0","9.3","12.0","4.8","7.0","2.4","5.5","13.2","14.1","0.0","7.6","9.1","14.5","0.0","7.6","14464","11536","40661","28134","(X)","(X)","(X)","(X)","29.7","(X)",
"1400000US25025081302","Census Tract 813.02; Suffolk County; Massachusetts","1171","163","18.1","14.1","15.2","11.0","9.6","7.2","10.5","7.4","14.9","13.2","6.1","7.0","6.8","7.2","1.3","2.0","17.3","14.4","0.0","3.6","32441","7517","53047","20820","44.5","(X)","(X)","(X)","(X)","(X)","256","167","13.3","21.1","0.0","15.2","8.6","10.8","7.8","13.6","48.4","33.7","16.0","23.5","0.0","15.2","5.9","9.9","0.0","15.2","0.0","15.2","36646","9588","40775","14960","(X)","(X)","28.1","(X)","(X)","(X)","72","69","6.9","15.1","0.0","40.0","9.7","18.8","0.0","40.0","62.5","49.7","0.0","40.0","0.0","40.0","20.8","40.7","0.0","40.0","0.0","40.0","-","**","N","N","(X)","(X)","(X)","(X)","(X)","(X)","915","271","19.5","18.4","19.5","13.1","9.9","9.1","11.3","9.2","10.5","13.3","3.4","4.8","3.8","6.2","0.0","4.5","22.2","16.2","0.0","4.5","28813","22396","54290","23721","(X)","(X)","(X)","(X)","49.1","(X)",
"1400000US25025081400","Census Tract 814; Suffolk County; Massachusetts","1392","164","6.2","3.6","9.1","5.2","9.1","5.3","5.8","5.3","7.4","4.4","9.3","5.9","5.7","3.2","11.1","5.5","10.8","5.3","25.4","6.5","81447","44275","125635","20226","34.4","(X)","(X)","(X)","(X)","(X)","564","148","0.0","7.3","0.0","7.3","16.7","11.3","0.0","7.3","5.1","6.6","3.0","3.6","3.2","4.4","14.5","9.6","14.4","9.0","43.1","11.0","181591","39781","181041","30012","(X)","(X)","18.4","(X)","(X)","(X)","415","144","0.0","9.7","0.0","9.7","8.4","11.8","0.0","9.7","1.9","4.7","4.1","4.8","0.0","9.7","16.4","12.3","19.5","12.2","49.6","12.8","197159","68863","N","N","(X)","(X)","(X)","(X)","(X)","(X)","828","177","10.4","6.3","15.3","8.2","4.0","4.6","9.8","8.7","11.5","7.3","13.5","9.0","7.5","5.8","6.3","5.5","8.5","5.7","13.3","8.9","49130","9313","84679","23822","(X)","(X)","(X)","(X)","44.0","(X)",
"1400000US25025081500","Census Tract 815; Suffolk County; Massachusetts","1041","211","6.7","6.8","5.9","4.7","4.2","3.8","7.5","4.8","8.3","6.5","20.2","9.6","16.9","15.5","7.6","4.2","8.1","6.8","14.7","6.1","72365","10222","117085","27752","60.8","(X)","(X)","(X)","(X)","(X)","599","198","1.0","1.6","2.2","3.7","4.8","5.9","10.5","8.1","7.5","9.2","9.8","9.3","22.7","24.9","13.9","8.0","12.2","11.7","15.4","9.8","81837","30406","140912","45284","(X)","(X)","70.5","(X)","(X)","(X)","159","49","0.0","23.2","0.0","23.2","1.3","2.1","8.2","9.5","0.0","23.2","0.0","23.2","9.4","13.7","22.6","14.3","11.9","12.6","46.5","21.7","198942","108344","N","N","(X)","(X)","(X)","(X)","(X)","(X)","442","119","14.5","14.4","10.9","9.8","3.4","5.3","13.3","10.1","9.3","8.2","24.2","14.9","9.0","9.2","6.8","6.8","0.0","9.2","8.6","6.6","42857","31283","70998","23510","(X)","(X)","(X)","(X)","47.7","(X)",
"1400000US25025081700","Census Tract 817; Suffolk County; Massachusetts","2054","293","15.2","10.2","14.7","7.9","7.8","4.1","14.0","9.9","10.8","7.7","13.1","8.2","5.6","3.7","11.2","4.2","4.2","3.5","3.3","2.6","33892","18012","63959","17049","38.0","(X)","(X)","(X)","(X)","(X)","682","119","8.7","8.2","4.1","6.4","6.0","7.3","10.1","12.0","9.1","6.4","10.0","7.1","12.3","9.9","19.9","10.6","12.6","9.0","7.2","6.0","81094","35617","117119","46424","(X)","(X)","54.3","(X)","(X)","(X)","149","72","0.0","24.4","0.0","24.4","7.4","12.3","0.0","24.4","0.0","24.4","18.1","19.8","26.2","20.3","18.8","20.6","15.4","15.8","14.1","19.8","96875","56067","N","N","(X)","(X)","(X)","(X)","(X)","(X)","1372","300","18.5","14.6","22.0","11.7","8.7","5.1","13.8","13.7","11.6","11.0","14.7","11.7","2.3","2.7","6.9","3.6","1.5","1.8","0.0","3.0","27677","17428","36917","7960","(X)","(X)","(X)","(X)","26.5","(X)",
"1400000US25025081800","Census Tract 818; Suffolk County; Massachusetts","1371","203","6.6","7.5","10.1","6.6","7.8","6.4","6.3","5.3","6.2","6.6","13.8","8.8","19.0","10.8","18.5","9.7","3.9","3.7","7.8","4.2","70956","31792","80206","13741","65.6","(X)","(X)","(X)","(X)","(X)","902","217","1.1","1.8","3.0","4.2","4.3","6.5","2.5","3.2","9.4","9.6","12.5","10.2","37.6","16.5","14.1","6.8","6.4","6.1","9.0","5.5","90060","14087","99298","16708","(X)","(X)","71.4","(X)","(X)","(X)","348","147","0.0","11.5","7.8","11.4","0.0","11.5","0.0","11.5","12.1","19.1","0.0","11.5","40.2","24.9","21.3","15.7","0.0","11.5","18.7","15.1","93633","6383","N","N","(X)","(X)","(X)","(X)","(X)","(X)","469","164","19.4","19.5","21.5","17.3","14.5","12.5","13.4","13.7","0.0","8.7","16.2","14.7","0.0","8.7","12.6","14.0","0.0","8.7","2.3","3.7","18008","11433","38381","15809","(X)","(X)","(X)","(X)","54.4","(X)",
"1400000US25025081900","Census Tract 819; Suffolk County; Massachusetts","1589","326","4.9","3.5","12.8","8.0","10.7","6.8","5.8","4.1","11.1","6.0","5.2","4.2","11.5","8.7","7.0","3.8","9.7","5.7","21.3","15.8","71767","39666","119106","42795","52.6","(X)","(X)","(X)","(X)","(X)","836","304","6.8","7.0","5.7","7.3","8.4","7.8","1.7","2.8","9.4","9.4","7.3","7.5","9.2","8.5","10.6","9.0","11.4","9.1","29.4","25.9","106875","79434","132149","47859","(X)","(X)","66.0","(X)","(X)","(X)","512","293","6.3","8.7","0.0","8.0","0.0","8.0","0.0","8.0","3.5","5.7","3.7","6.9","8.4","11.0","13.7","14.6","18.6","16.1","45.9","34.2","183456","122300","N","N","(X)","(X)","(X)","(X)","(X)","(X)","753","182","2.8","3.8","20.7","14.1","15.0","12.4","10.4","7.9","13.0","10.2","2.8","3.2","13.9","14.6","1.3","2.3","7.8","7.4","12.2","16.9","35299","24516","103136","77701","(X)","(X)","(X)","(X)","37.7","(X)",
"1400000US25025082000","Census Tract 820; Suffolk County; Massachusetts","1380","201","11.4","6.9","4.3","4.1","14.3","10.1","5.2","5.7","10.8","6.3","8.4","5.7","12.1","7.7","13.8","8.7","10.0","6.1","9.6","9.4","58365","31519","87366","25501","53.3","(X)","(X)","(X)","(X)","(X)","969","213","10.3","7.9","1.4","2.3","13.7","10.9","11.5","9.1","11.5","7.8","8.4","8.6","11.0","9.0","7.3","6.3","12.4","8.3","12.5","12.9","57764","32743","94599","33820","(X)","(X)","48.2","(X)","(X)","(X)","325","170","3.4","6.2","0.0","12.2","3.1","8.2","10.8","16.3","23.1","20.7","0.0","12.2","2.5","4.6","4.0","7.2","24.6","23.5","28.6","32.0","-","**","N","N","(X)","(X)","(X)","(X)","(X)","(X)","411","141","13.9","13.3","11.2","13.0","15.8","16.3","0.0","9.8","9.2","13.2","8.5","6.5","5.1","5.6","29.0","19.4","4.4","5.1","2.9","4.2","-","**","64582","23049","(X)","(X)","(X)","(X)","65.5","(X)",
"1400000US25025082100","Census Tract 821; Suffolk County; Massachusetts","1999","319","12.3","9.1","6.5","5.5","14.6","11.0","23.9","12.6","8.6","7.2","7.5","8.1","9.3","5.3","9.4","7.3","8.1","7.9","0.0","2.1","29719","9250","51897","12894","42.7","(X)","(X)","(X)","(X)","(X)","1108","311","6.0","8.7","0.0","3.8","10.0","11.5","37.2","21.1","9.6","11.5","11.2","13.5","4.6","7.3","6.9","8.3","14.5","13.3","0.0","3.8","33409","14983","60740","19027","(X)","(X)","53.6","(X)","(X)","(X)","261","201","0.0","15.0","0.0","15.0","20.3","31.3","0.0","15.0","0.0","15.0","22.2","30.6","3.4","14.3","0.0","15.0","54.0","41.0","0.0","15.0","-","**","N","N","(X)","(X)","(X)","(X)","(X)","(X)","891","288","20.1","16.2","14.5","11.6","20.3","19.5","7.4","10.3","9.9","8.2","2.8","4.7","15.2","9.8","9.9","11.7","0.0","4.7","0.0","4.7","24116","10213","39301","12044","(X)","(X)","(X)","(X)","29.2","(X)",
"1400000US25025090100","Census Tract 901; Suffolk County; Massachusetts","2013","281","13.5","6.7","18.2","11.5","5.5","4.5","16.4","6.9","12.0","7.5","5.9","3.7","7.1","4.6","7.0","4.3","4.9","3.7","9.5","7.3","32451","7425","64352","17270","52.8","(X)","(X)","(X)","(X)","(X)","1568","298","10.8","7.2","15.2","14.4","4.3","4.9","18.8","8.2","13.3","9.0","10.5","7.7","4.1","4.1","9.2","5.3","3.6","3.0","9.9","8.8","37905","11288","67094","21418","(X)","(X)","59.0","(X)","(X)","(X)","579","296","6.2","9.4","29.4","34.3","4.7","7.9","9.2","11.8","0.0","7.1","6.6","8.6","5.0","9.1","14.7","11.4","2.6","6.2","21.8","19.1","-","**","N","N","(X)","(X)","(X)","(X)","(X)","(X)","445","143","23.8","18.3","28.8","15.9","9.7","9.3","7.9","12.8","7.4","9.0","6.3","7.5","7.2","8.2","0.0","9.1","2.7","3.8","6.3","9.5","13973","13504","45049","26175","(X)","(X)","(X)","(X)","22.5","(X)",
"1400000US25025090200","Census Tract 902; Suffolk County; Massachusetts","785","73","8.0","6.0","15.7","8.1","5.5","4.3","15.3","8.1","10.4","6.1","11.2","7.6","9.9","7.9","12.0","6.7","3.2","3.9","8.8","6.9","45575","12713","89395","39170","52.0","(X)","(X)","(X)","(X)","(X)","556","100","5.9","6.4","5.6","6.8","4.1","4.6","11.3","8.9","11.0","9.1","21.9","10.9","9.7","8.7","14.6","9.2","3.4","5.1","12.4","9.6","61346","25239","113423","54166","(X)","(X)","59.5","(X)","(X)","(X)","211","59","0.0","18.1","0.0","18.1","4.3","7.1","0.0","18.1","23.7","22.3","19.9","17.0","3.3","3.7","25.1","15.7","9.0","13.8","14.7","13.9","88750","43797","N","N","(X)","(X)","(X)","(X)","(X)","(X)","229","72","13.1","13.6","40.2","19.5","8.7","9.4","24.9","17.2","9.2","9.4","1.3","1.9","0.0","16.9","0.0","16.9","2.6","4.8","0.0","16.9","14574","7020","23884","9311","(X)","(X)","(X)","(X)","33.6","(X)",
"1400000US25025090300","Census Tract 903; Suffolk County; Massachusetts","1234","147","5.0","4.0","1.9","2.2","6.0","4.7","15.3","8.1","18.3","8.0","19.2","10.7","8.8","7.4","10.4","6.3","5.8","4.6","9.2","8.8","55098","9595","76378","16967","68.7","(X)","(X)","(X)","(X)","(X)","909","161","5.8","5.2","6.1","6.2","2.8","3.1","13.9","9.5","11.8","7.5","22.7","13.5","15.0","11.6","10.2","8.8","10.5","8.9","1.4","2.4","59961","9106","73088","12849","(X)","(X)","67.7","(X)","(X)","(X)","276","105","0.0","14.2","3.3","6.6","9.1","10.3","0.0","14.2","11.6","16.6","34.4","25.1","21.0","20.3","5.1","8.0","10.9","15.6","4.7","8.2","70583","31190","N","N","(X)","(X)","(X)","(X)","(X)","(X)","325","136","2.8","5.1","0.0","12.2","19.4","18.2","19.4","17.7","26.2","22.0","18.8","18.5","6.5","10.7","7.1","8.8","0.0","12.2","0.0","12.2","35809","3859","43625","9992","(X)","(X)","(X)","(X)","71.7","(X)",
"1400000US25025090400","Census Tract 904; Suffolk County; Massachusetts","1290","154","7.9","6.0","7.0","6.1","5.7","6.0","6.7","5.9","6.7","5.3","19.1","9.0","17.7","9.1","13.5","8.7","3.2","3.7","12.5","6.6","73263","20850","97512","21421","49.2","(X)","(X)","(X)","(X)","(X)","940","144","0.7","1.4","5.6","7.4","5.4","7.6","3.1","3.6","7.2","6.8","20.6","11.5","20.9","11.9","21.5","11.6","4.4","5.2","10.5","8.3","89508","14333","108978","28222","(X)","(X)","56.3","(X)","(X)","(X)","425","177","1.6","3.5","10.4","15.8","2.8","5.1","2.1","3.6","10.1","11.9","25.6","20.4","15.3","15.0","24.9","17.2","0.9","1.5","6.1","5.9","66679","48768","N","N","(X)","(X)","(X)","(X)","(X)","(X)","350","128","27.1","19.9","10.6","12.4","6.3","8.2","16.6","18.7","5.4","8.2","15.1","14.5","9.1","11.3","0.0","11.4","0.0","11.4","9.7","11.6","30573","18421","58634","35860","(X)","(X)","(X)","(X)","30.3","(X)",
"1400000US25025090600","Census Tract 906; Suffolk County; Massachusetts","811","166","5.8","5.1","8.8","9.2","11.7","10.3","7.9","5.3","8.6","8.6","17.8","8.2","14.3","7.7","5.7","4.3","11.0","4.7","8.5","5.2","64432","20731","91386","20146","42.8","(X)","(X)","(X)","(X)","(X)","519","124","3.7","3.5","0.0","7.9","18.3","15.1","3.9","5.3","5.8","5.8","17.1","10.9","18.1","10.4","10.4","6.8","9.4","6.6","13.3","7.7","77321","15206","109904","26473","(X)","(X)","47.4","(X)","(X)","(X)","262","101","0.0","14.9","0.0","14.9","18.3","24.9","0.0","14.9","6.5","9.3","3.1","4.7","20.6","13.8","14.5","11.8","18.7","13.5","18.3","13.6","112763","34124","N","N","(X)","(X)","(X)","(X)","(X)","(X)","292","129","9.6","13.1","24.3","21.5","0.0","13.5","15.1","11.9","13.7","20.2","18.8","13.2","11.3","10.4","2.7","4.3","4.5","5.6","0.0","13.5","47688","41162","46597","13139","(X)","(X)","(X)","(X)","34.6","(X)",
"1400000US25025090700","Census Tract 907; Suffolk County; Massachusetts","2146","185","8.9","6.1","7.2","4.3","6.5","5.3","8.4","4.6","3.1","2.8","7.5","4.6","6.9","5.9","7.9","4.5","14.9","6.0","28.7","8.2","121053","54647","142850","20990","39.8","(X)","(X)","(X)","(X)","(X)","737","142","2.6","4.2","5.2","6.1","0.0","5.6","11.9","5.7","4.5","6.7","13.7","10.7","0.0","5.6","7.9","7.2","17.0","8.9","37.3","11.6","157316","31715","181347","41549","(X)","(X)","37.2","(X)","(X)","(X)","455","118","0.0","8.9","8.4","9.4","0.0","8.9","10.3","9.1","7.3","10.6","0.0","8.9","0.0","8.9","5.1","6.7","16.3","12.3","52.7","15.6","218988","74864","N","N","(X)","(X)","(X)","(X)","(X)","(X)","1409","183","12.2","8.9","8.2","6.0","9.9","8.0","6.6","6.2","2.4","2.8","6.7","5.0","8.2","8.0","7.9","5.7","13.8","7.5","24.1","11.0","87891","49733","122176","25588","(X)","(X)","(X)","(X)","38.9","(X)",
"1400000US25025090901","Census Tract 909.01; Suffolk County; Massachusetts","1486","166","8.4","4.8","11.9","4.6","6.5","4.1","9.4","6.4","6.7","3.8","22.8","8.6","8.8","4.8","15.1","6.2","5.0","5.6","5.5","2.9","58716","10585","82258","18329","36.8","(X)","(X)","(X)","(X)","(X)","466","153","4.9","7.7","6.9","8.3","11.2","11.1","2.1","3.4","9.2","7.3","14.4","12.8","6.4","9.1","24.5","13.9","11.8","16.7","8.6","6.2","76250","66024","127273","48981","(X)","(X)","45.5","(X)","(X)","(X)","201","91","0.0","18.9","0.0","18.9","3.0","4.2","5.0","8.0","14.4","13.0","5.0","7.4","13.4","16.7","42.3","21.5","1.0","1.7","15.9","13.2","132527","41274","N","N","(X)","(X)","(X)","(X)","(X)","(X)","1020","163","10.0","5.6","14.2","6.1","4.3","3.2","12.6","8.8","5.6","4.4","26.7","11.0","10.1","7.1","10.6","6.0","1.9","1.7","4.0","3.0","55045","17674","61595","10674","(X)","(X)","(X)","(X)","32.8","(X)",
"1400000US25025091001","Census Tract 910.01; Suffolk County; Massachusetts","1730","224","6.4","5.9","1.6","2.1","4.9","3.0","2.9","3.4","5.2","3.2","14.2","6.6","13.6","7.1","19.7","6.8","14.6","6.5","16.9","6.0","103676","24252","129139","17256","41.2","(X)","(X)","(X)","(X)","(X)","756","221","0.0","5.5","3.7","5.0","4.4","4.4","1.7","2.6","5.4","5.2","25.5","13.0","16.9","14.7","12.7","10.5","7.5","6.0","22.1","11.6","91228","26237","138932","30729","(X)","(X)","44.4","(X)","(X)","(X)","536","199","0.0","7.6","5.2","7.1","6.2","6.3","0.0","7.6","1.7","2.8","21.3","16.4","19.2","19.2","4.7","5.3","10.6","9.3","31.2","14.6","-","**","N","N","(X)","(X)","(X)","(X)","(X)","(X)","974","160","11.4","10.0","0.0","4.3","5.2","4.5","5.1","6.0","3.7","3.2","5.4","4.4","11.7","8.4","26.5","9.9","18.7","11.1","12.2","7.5","106780","14567","112576","17677","(X)","(X)","(X)","(X)","35.1","(X)",
"1400000US25025091100","Census Tract 911; Suffolk County; Massachusetts","2026","239","6.3","3.8","4.4","5.9","6.8","5.5","3.3","2.2","6.2","3.8","8.1","4.3","6.1","3.7","14.2","5.5","16.9","6.3","27.6","9.4","133200","30652","146994","26398","38.0","(X)","(X)","(X)","(X)","(X)","774","201","1.7","2.7","3.1","3.5","4.8","5.6","2.8","3.3","7.6","8.1","7.2","6.7","0.9","1.6","11.2","7.5","23.4","11.6","37.2","17.4","164083","14343","194218","50581","(X)","(X)","44.3","(X)","(X)","(X)","476","197","0.0","8.5","2.5","4.1","0.0","8.5","4.6","5.5","4.8","6.5","3.8","5.7","1.5","2.7","10.3","9.3","25.4","14.4","47.1","19.8","168889","61524","N","N","(X)","(X)","(X)","(X)","(X)","(X)","1252","217","9.2","5.8","6.2","9.4","8.1","7.8","3.6","3.0","4.4","3.4","8.7","5.1","9.3","5.8","16.0","7.1","14.7","7.1","20.0","10.0","103000","29642","117184","22114","(X)","(X)","(X)","(X)","34.0","(X)",
"1400000US25025091200","Census Tract 912; Suffolk County; Massachusetts","1267","203","9.9","6.1","5.3","5.1","7.7","6.7","9.1","6.1","6.4","5.4","14.7","7.7","5.9","4.9","10.0","6.4","15.5","9.4","15.6","6.2","72270","28973","104355","15165","31.1","(X)","(X)","(X)","(X)","(X)","578","171","4.0","5.1","5.4","7.1","16.8","13.6","14.9","11.8","5.9","9.2","21.3","13.3","9.3","11.3","7.4","7.4","1.9","3.0","13.1","9.5","63523","32082","78943","19115","(X)","(X)","30.3","(X)","(X)","(X)","302","119","7.6","10.0","0.0","13.1","0.0","13.1","13.6","17.2","11.3","17.3","14.6","14.7","17.9","20.0","10.9","12.2","3.6","5.8","20.5","17.1","97917","69123","N","N","(X)","(X)","(X)","(X)","(X)","(X)","689","197","15.7","10.0","5.2","7.2","0.0","6.0","4.2","5.3","6.0","6.6","9.1","8.4","3.0","3.8","12.2","9.2","26.9","14.8","17.7","9.5","123506","52100","125295","23419","(X)","(X)","(X)","(X)","31.8","(X)",
"1400000US25025091300","Census Tract 913; Suffolk County; Massachusetts","984","84","7.7","4.9","10.0","5.7","8.9","7.5","6.7","5.2","2.3","2.9","15.1","7.7","11.6","6.5","15.3","7.3","9.6","5.3","12.7","6.9","67333","28116","92388","14995","47.7","(X)","(X)","(X)","(X)","(X)","693","110","6.8","6.3","11.0","7.5","8.9","9.6","11.3","7.7","3.3","4.2","16.3","9.3","11.8","8.7","8.4","6.1","10.8","7.8","11.4","8.2","56031","18730","81532","18595","(X)","(X)","49.6","(X)","(X)","(X)","149","71","7.4","9.8","0.0","24.4","0.0","24.4","0.0","24.4","15.4","18.7","9.4","12.1","18.8","24.7","8.1","12.5","8.7","9.6","32.2","23.1","-","**","N","N","(X)","(X)","(X)","(X)","(X)","(X)","291","79","10.0","8.7","7.6","9.6","8.9","8.0","11.3","10.9","0.0","13.6","17.5","15.2","10.3","9.0","16.5","13.9","8.6","7.1","9.3","10.0","66587","26293","83165","22591","(X)","(X)","(X)","(X)","43.0","(X)",
"1400000US25025091400","Census Tract 914; Suffolk County; Massachusetts","1164","169","10.5","5.8","11.0","7.9","8.4","5.1","7.8","4.4","6.8","5.4","15.5","6.9","15.7","9.0","4.2","3.2","11.8","6.1","8.3","4.8","65093","26010","80532","12142","45.7","(X)","(X)","(X)","(X)","(X)","815","193","8.0","5.9","13.1","10.3","0.9","1.4","7.1","5.6","6.4","6.2","19.1","9.1","13.9","11.9","9.6","6.6","16.0","8.8","6.0","5.2","68782","19276","86322","15025","(X)","(X)","51.8","(X)","(X)","(X)","329","161","0.0","12.1","0.0","12.1","0.0","12.1","0.0","12.1","7.9","9.9","16.7","9.9","27.4","27.5","0.0","12.1","33.1","22.2","14.9","13.2","-","**","N","N","(X)","(X)","(X)","(X)","(X)","(X)","349","85","16.3","13.1","11.2","13.0","20.9","14.8","9.5","8.8","7.7","11.1","14.9","11.7","12.0","10.1","2.0","4.6","0.0","11.5","5.4","4.9","28482","13447","51058","13968","(X)","(X)","(X)","(X)","31.5","(X)",
"1400000US25025091500","Census Tract 915; Suffolk County; Massachusetts","1597","170","7.5","5.6","8.1","4.7","7.4","5.3","3.4","3.4","5.1","3.8","20.3","8.4","9.9","4.7","8.1","4.7","12.6","7.0","17.7","6.5","66875","24169","109206","15842","35.5","(X)","(X)","(X)","(X)","(X)","772","165","14.9","9.3","2.8","4.4","3.1","5.3","4.7","6.1","3.8","4.6","21.0","11.3","11.3","7.8","11.0","8.3","2.8","3.6","24.6","11.1","67292","44701","121134","30156","(X)","(X)","40.3","(X)","(X)","(X)","309","151","13.3","19.6","7.1","10.8","0.0","12.8","9.7","14.0","0.0","12.8","8.4","9.3","6.8","7.7","19.4","15.0","7.1","10.1","28.2","15.3","101648","53213","N","N","(X)","(X)","(X)","(X)","(X)","(X)","825","163","3.5","4.0","12.2","7.9","11.4","8.8","3.0","3.2","6.3","5.7","16.6","12.9","8.6","6.5","5.3","5.9","21.8","12.9","11.2","7.4","66098","23042","96271","17197","(X)","(X)","(X)","(X)","28.0","(X)",
"1400000US25025091600","Census Tract 916; Suffolk County; Massachusetts","1082","140","12.6","10.2","8.6","6.9","13.5","8.5","4.1","3.5","10.6","6.7","15.7","8.1","8.8","7.2","13.4","10.1","4.0","3.2","8.8","8.8","51029","30773","74286","17346","48.6","(X)","(X)","(X)","(X)","(X)","660","157","7.0","9.2","4.4","5.2","6.4","8.4","2.4","3.8","15.0","11.5","25.0","13.1","13.6","12.0","9.5","11.3","4.4","4.5","12.3","13.8","72982","15015","84312","23080","(X)","(X)","60.3","(X)","(X)","(X)","439","169","0.0","9.2","6.6","8.2","9.6","12.7","0.0","9.2","3.2","5.2","27.8","16.9","17.5","18.4","13.4","15.6","3.4","4.3","18.5","20.3","83125","21569","N","N","(X)","(X)","(X)","(X)","(X)","(X)","422","132","21.3","19.4","15.2","14.9","24.6","16.7","6.6","6.9","3.8","5.7","3.6","5.8","1.2","2.4","19.4","15.0","3.3","3.9","0.9","1.4","22783","9501","46755","16975","(X)","(X)","(X)","(X)","30.3","(X)",
"1400000US25025091700","Census Tract 917; Suffolk County; Massachusetts","1063","145","7.9","6.2","3.5","3.8","0.0","3.9","12.0","6.1","5.1","3.9","21.7","12.7","16.0","10.6","15.9","11.9","10.2","5.6","7.7","6.9","74892","27995","91222","14631","59.8","(X)","(X)","(X)","(X)","(X)","850","137","5.4","4.2","4.4","4.8","0.0","4.9","13.8","10.2","4.7","3.9","29.3","15.3","11.9","8.2","12.1","10.9","9.3","5.5","9.2","8.8","69167","21080","87838","16171","(X)","(X)","66.1","(X)","(X)","(X)","302","133","0.0","13.1","0.0","13.1","0.0","13.1","9.9","14.1","0.0","13.1","34.4","25.7","19.2","18.9","7.6","9.8","18.5","15.0","10.3","10.1","86417","20372","N","N","(X)","(X)","(X)","(X)","(X)","(X)","213","103","17.8","24.8","0.0","18.0","0.0","18.0","23.5","27.2","6.6","11.9","0.0","18.0","22.5","23.9","24.4","28.4","5.2","10.4","0.0","18.0","-","**","72552","27154","(X)","(X)","(X)","(X)","26.3","(X)",
"1400000US25025091800","Census Tract 918; Suffolk County; Massachusetts","1323","210","29.3","11.0","2.0","4.9","8.6","5.7","0.8","1.6","2.4","3.6","13.5","9.0","13.5","9.3","17.2","8.2","4.5","4.1","8.2","6.6","72597","25460","77117","20029","53.8","(X)","(X)","(X)","(X)","(X)","687","190","16.3","15.5","0.0","6.0","5.1","6.6","1.3","2.0","7.7","8.0","10.8","11.0","13.4","13.5","24.0","13.8","8.6","7.4","12.8","10.4","88942","29753","102886","31944","(X)","(X)","68.0","(X)","(X)","(X)","504","171","14.7","20.7","0.0","8.1","3.6","7.4","0.0","8.1","6.3","8.9","11.9","15.3","18.3","17.5","29.4","17.6","5.8","8.7","10.1","10.0","89423","25960","N","N","(X)","(X)","(X)","(X)","(X)","(X)","636","176","43.2","18.4","4.2","10.7","12.4","10.9","1.6","3.2","0.0","6.5","16.4","12.6","12.3","14.6","9.9","11.1","0.0","6.5","0.0","6.5","-","**","38820","16791","(X)","(X)","(X)","(X)","33.8","(X)",
"1400000US25025091900","Census Tract 919; Suffolk County; Massachusetts","1505","199","3.9","3.8","3.7","2.8","3.6","4.1","9.2","6.3","12.6","7.9","14.2","8.0","14.5","9.0","19.9","9.2","8.4","6.3","10.0","7.4","81932","27960","101279","20056","51.2","(X)","(X)","(X)","(X)","(X)","1203","203","2.3","2.7","3.7","3.5","3.7","4.9","11.7","7.2","10.2","7.8","23.4","11.9","15.2","9.3","8.3","6.3","19.2","11.4","2.2","2.8","65625","18762","88899","17927","(X)","(X)","52.1","(X)","(X)","(X)","420","204","0.0","9.6","0.0","9.6","9.3","14.5","7.1","11.0","19.8","18.9","12.6","18.2","20.0","20.8","3.6","5.9","21.2","21.3","6.4","9.1","85431","72793","N","N","(X)","(X)","(X)","(X)","(X)","(X)","302","154","13.2","15.5","3.6","6.8","3.3","5.8","15.2","22.9","8.3","12.8","0.0","13.1","0.0","13.1","56.3","26.2","0.0","13.1","0.0","13.1","103490","92209","78055","26259","(X)","(X)","(X)","(X)","47.4","(X)",
"1400000US25025092000","Census Tract 920; Suffolk County; Massachusetts","1779","209","4.4","4.2","2.8","3.5","12.0","7.8","11.9","6.8","12.7","7.9","14.6","8.9","7.6","6.0","11.5","5.3","6.9","4.3","15.7","7.3","60090","15933","106394","22800","51.5","(X)","(X)","(X)","(X)","(X)","1218","192","3.1","3.7","1.4","2.7","10.8","9.1","10.8","7.9","19.9","11.3","13.3","11.1","8.7","8.1","13.1","6.7","10.4","6.3","8.5","5.1","60208","24621","95232","21871","(X)","(X)","54.3","(X)","(X)","(X)","406","149","0.0","9.9","0.0","9.9","20.7","20.5","5.9","10.0","18.2","14.1","0.0","9.9","23.6","20.1","11.6","11.0","15.3","14.8","4.7","5.7","86750","64292","N","N","(X)","(X)","(X)","(X)","(X)","(X)","561","187","11.8","11.7","5.7","8.9","14.6","15.0","14.4","13.0","3.7","6.1","12.8","10.8","5.2","6.4","4.1","5.7","6.6","5.6","21.0","16.9","42321","41509","104457","52346","(X)","(X)","(X)","(X)","45.6","(X)",
"1400000US25025092101","Census Tract 921.01; Suffolk County; Massachusetts","2767","438","9.5","5.6","1.2","1.4","14.9","10.3","7.0","5.1","7.2","4.3","17.2","8.0","12.2","6.5","9.4","6.1","9.5","5.6","12.0","5.4","66210","13392","90584","15918","43.8","(X)","(X)","(X)","(X)","(X)","1426","284","6.8","6.9","0.0","2.9","0.0","2.9","4.8","4.6","14.9","8.6","24.7","12.6","10.2","8.9","16.9","11.1","11.0","7.7","10.8","8.2","72070","20331","103063","21429","(X)","(X)","46.7","(X)","(X)","(X)","895","257","0.0","4.6","0.0","4.6","0.0","4.6","5.9","6.7","10.7","8.8","31.2","15.7","16.2","13.5","12.7","9.8","10.2","8.1","13.1","10.3","78196","18997","N","N","(X)","(X)","(X)","(X)","(X)","(X)","1341","440","12.3","9.5","2.4","3.0","30.7","17.6","9.5","9.1","2.7","3.2","5.4","6.4","16.0","9.6","1.3","2.3","6.3","7.7","13.3","7.9","32627","27718","75037","24359","(X)","(X)","(X)","(X)","40.7","(X)",
"1400000US25025092200","Census Tract 922; Suffolk County; Massachusetts","1266","138","2.1","2.2","0.0","3.3","5.2","4.9","8.5","6.4","1.1","1.9","21.5","8.4","4.1","4.3","15.6","7.3","16.4","6.8","25.4","9.6","116818","36784","154298","31791","43.0","(X)","(X)","(X)","(X)","(X)","896","179","0.0","4.6","0.0","4.6","5.9","6.8","7.8","7.6","1.6","2.7","26.5","10.9","6.9","6.2","5.7","5.5","16.7","8.6","28.9","12.5","108750","74125","154361","41650","(X)","(X)","36.7","(X)","(X)","(X)","547","170","0.0","7.5","0.0","7.5","0.0","7.5","12.8","12.1","0.0","7.5","26.5","13.3","0.0","7.5","5.7","6.7","22.3","12.6","32.7","16.8","165515","72343","N","N","(X)","(X)","(X)","(X)","(X)","(X)","370","135","7.3","7.4","0.0","10.8","3.5","5.8","10.3","14.5","0.0","10.8","9.5","9.1","2.7","4.4","34.3","18.5","17.8","11.7","14.6","11.1","119750","41662","144006","38375","(X)","(X)","(X)","(X)","55.7","(X)",
"1400000US25025092300","Census Tract 923; Suffolk County; Massachusetts","1281","128","8.0","6.1","0.3","0.5","3.3","2.3","19.7","8.7","13.9","9.2","13.7","6.7","8.2","5.3","20.2","9.0","6.7","4.9","6.1","4.7","58321","29958","84364","16447","58.6","(X)","(X)","(X)","(X)","(X)","1013","127","10.1","7.7","0.0","4.1","2.4","2.6","21.3","10.4","11.6","8.7","13.9","7.1","9.8","6.6","15.9","8.8","8.5","6.1","6.5","6.3","54648","29310","83024","17986","(X)","(X)","54.9","(X)","(X)","(X)","259","92","6.9","11.0","0.0","15.1","9.3","10.6","6.6","10.0","0.0","15.1","12.4","14.1","12.0","12.2","14.3","13.2","22.8","17.6","15.8","21.5","121250","60338","N","N","(X)","(X)","(X)","(X)","(X)","(X)","268","115","0.0","14.6","1.5","2.5","6.7","8.5","13.4","15.9","34.0","25.4","12.7","14.4","2.2","4.2","25.0","22.6","0.0","14.6","4.5","8.5","46579","27964","78931","30526","(X)","(X)","(X)","(X)","61.2","(X)",
"1400000US25025092400","Census Tract 924; Suffolk County; Massachusetts","2176","286","19.5","8.3","4.4","4.2","10.2","6.2","9.1","4.9","6.4","5.9","12.1","6.9","7.0","5.2","10.9","7.5","11.4","9.7","9.1","7.8","50758","25991","100341","48546","50.3","(X)","(X)","(X)","(X)","(X)","1611","336","17.6","10.7","3.4","4.1","3.4","5.4","10.0","6.3","7.4","8.3","14.3","9.7","7.9","6.8","21.3","13.4","7.9","9.5","6.8","6.8","67865","18903","111465","63475","(X)","(X)","47.8","(X)","(X)","(X)","424","259","0.0","9.5","0.0","9.5","0.0","9.5","0.0","9.5","5.0","10.7","20.8","24.8","0.0","9.5","42.7","36.9","20.5","27.7","11.1","12.4","133160","50387","N","N","(X)","(X)","(X)","(X)","(X)","(X)","565","209","24.8","19.3","7.1","11.8","29.9","17.2","6.4","6.8","3.5","6.5","9.0","10.7","4.2","7.1","0.0","7.2","6.7","10.7","8.3","12.1","19872","9120","54079","35630","(X)","(X)","(X)","(X)","57.3","(X)",
"1400000US25025100100","Census Tract 1001; Suffolk County; Massachusetts","2030","264","14.3","6.6","9.1","6.4","12.3","7.1","14.2","9.0","8.5","5.9","10.4","4.7","8.3","6.2","8.5","6.0","8.1","5.6","6.2","5.3","35179","16782","69213","17969","40.0","(X)","(X)","(X)","(X)","(X)","1466","264","11.3","7.5","5.6","6.1","10.6","8.6","16.3","11.8","11.9","8.1","8.0","4.7","6.5","6.5","11.7","8.3","11.2","7.7","6.8","6.4","42281","18433","78294","21963","(X)","(X)","39.6","(X)","(X)","(X)","444","149","3.6","6.5","0.0","9.1","3.8","6.1","0.0","9.1","3.4","5.8","11.0","10.8","20.3","18.9","30.4","21.3","21.2","20.2","6.3","7.4","118235","29476","N","N","(X)","(X)","(X)","(X)","(X)","(X)","564","177","22.2","13.7","18.1","15.9","16.8","13.9","8.9","10.6","2.0","2.9","14.5","11.4","12.9","14.1","0.0","7.3","0.0","7.3","4.6","7.5","22561","9218","45166","23152","(X)","(X)","(X)","(X)","38.5","(X)",
"1400000US25025100200","Census Tract 1002; Suffolk County; Massachusetts","997","181","3.3","3.6","2.4","3.4","6.3","5.9","8.8","7.3","10.7","6.4","10.8","6.8","17.7","10.6","24.8","11.3","11.8","9.5","3.3","3.7","81004","18737","87675","14218","49.9","(X)","(X)","(X)","(X)","(X)","784","147","1.4","2.4","3.1","4.3","6.4","6.3","12.5","9.8","8.3","6.2","8.8","7.0","12.9","8.6","27.4","13.9","15.1","11.9","4.2","4.6","94265","36340","92965","16958","(X)","(X)","52.8","(X)","(X)","(X)","390","160","0.0","10.3","0.0","10.3","0.0","10.3","2.8","4.4","7.4","7.4","8.5","9.1","20.0","15.9","39.0","21.6","13.8","19.4","8.5","9.4","106204","16866","N","N","(X)","(X)","(X)","(X)","(X)","(X)","213","111","15.5","18.0","0.0","18.0","6.1","9.9","0.0","18.0","9.9","16.4","18.3","19.3","35.2","33.1","15.0","19.6","0.0","18.0","0.0","18.0","80026","40675","66717","20252","(X)","(X)","(X)","(X)","39.4","(X)",
"1400000US25025100300","Census Tract 1003; Suffolk County; Massachusetts","1306","176","1.1","1.3","0.5","0.8","11.4","7.3","4.5","3.8","16.3","7.5","8.3","5.8","19.2","8.3","15.9","9.1","16.2","10.1","6.4","5.2","82176","11739","99157","14091","57.5","(X)","(X)","(X)","(X)","(X)","1084","198","0.0","3.8","0.0","3.8","6.9","6.6","6.1","5.1","16.2","8.8","11.6","7.8","17.2","8.6","17.0","10.1","17.3","12.0","7.7","6.4","84559","13254","105827","15271","(X)","(X)","62.5","(X)","(X)","(X)","406","176","0.0","9.9","0.0","9.9","3.0","4.9","4.4","5.0","0.0","9.9","0.0","9.9","15.5","11.8","33.7","23.5","28.8","23.7","14.5","16.0","114792","88366","N","N","(X)","(X)","(X)","(X)","(X)","(X)","222","79","6.8","7.9","3.2","4.9","41.4","23.8","0.0","17.3","19.8","22.9","10.8","9.6","7.2","12.2","10.8","13.2","0.0","17.3","0.0","17.3","-","**","43436","13672","(X)","(X)","(X)","(X)","30.2","(X)",
"1400000US25025100400","Census Tract 1004; Suffolk County; Massachusetts","1918","276","9.6","7.1","3.3","3.5","5.2","4.5","3.2","3.2","4.7","4.1","6.0","4.0","4.8","3.5","22.6","8.4","17.9","7.8","22.4","9.3","122347","27487","133658","19298","37.0","(X)","(X)","(X)","(X)","(X)","1365","318","11.1","9.7","0.0","3.1","4.3","5.1","4.2","4.6","2.0","3.2","2.2","2.5","6.7","5.5","18.7","9.9","23.1","11.2","27.7","12.3","150536","32241","150654","26194","(X)","(X)","39.6","(X)","(X)","(X)","863","270","4.2","3.4","0.0","4.8","6.8","8.2","0.0","4.8","0.3","2.2","1.9","3.1","2.2","3.6","20.5","14.5","25.5","14.6","38.6","17.8","170117","24251","N","N","(X)","(X)","(X)","(X)","(X)","(X)","553","152","6.1","6.9","11.6","10.6","7.4","9.1","0.7","1.3","11.4","11.3","15.6","12.2","10.8","9.6","21.7","19.0","5.2","5.4","9.4","6.4","66250","37732","86859","19625","(X)","(X)","(X)","(X)","26.0","(X)",
"1400000US25025100500","Census Tract 1005; Suffolk County; Massachusetts","3009","416","9.0","6.1","10.0","10.4","10.0","8.2","4.7","4.3","10.0","6.0","7.2","4.9","10.2","6.4","12.8","6.1","8.8","4.7","17.2","8.0","68858","44255","99345","21302","45.5","(X)","(X)","(X)","(X)","(X)","2027","337","7.5","7.0","0.0","2.1","7.0","7.1","6.9","6.1","11.4","8.4","11.4","7.3","9.2","6.0","16.6","8.6","7.5","5.2","22.4","10.1","93102","40169","115208","23603","(X)","(X)","41.5","(X)","(X)","(X)","1172","347","0.0","3.6","0.0","3.6","12.1","12.1","0.0","3.6","15.5","12.1","6.9","5.7","7.6","5.8","16.1","9.8","13.0","9.3","28.8","13.8","125625","41297","N","N","(X)","(X)","(X)","(X)","(X)","(X)","982","384","12.0","11.1","30.7","27.4","22.9","21.4","0.0","4.2","7.1","8.1","0.0","4.2","8.2","9.4","2.6","4.6","11.6","11.7","4.8","5.8","20604","11093","57379","28794","(X)","(X)","(X)","(X)","36.8","(X)",
"1400000US25025100601","Census Tract 1006.01; Suffolk County; Massachusetts","2267","227","9.7","8.5","2.1","3.4","4.0","6.1","3.5","4.0","3.2","3.8","5.4","5.2","9.8","6.6","33.9","12.4","10.7","5.8","17.6","9.9","116907","16845","123750","22970","38.5","(X)","(X)","(X)","(X)","(X)","1623","306","7.5","8.4","0.0","2.6","5.2","8.3","2.0","3.2","3.7","5.1","9.1","7.5","13.7","9.1","33.5","14.8","9.4","7.0","15.9","10.9","107361","31460","125498","27533","(X)","(X)","39.1","(X)","(X)","(X)","992","270","9.6","13.2","0.0","4.2","0.0","4.2","0.0","4.2","0.8","1.7","0.0","4.2","19.4","13.9","38.0","18.1","11.5","10.3","20.8","17.0","126528","17207","N","N","(X)","(X)","(X)","(X)","(X)","(X)","644","249","15.5","18.0","7.3","11.7","0.9","1.8","7.5","10.6","2.0","3.5","0.0","6.4","0.0","6.4","31.1","20.9","13.8","14.3","21.9","18.1","122664","36432","115189","38865","(X)","(X)","(X)","(X)","37.1","(X)",
"1400000US25025100603","Census Tract 1006.03; Suffolk County; Massachusetts","929","133","0.4","0.7","6.6","6.6","2.2","2.8","0.5","0.8","9.9","8.8","6.6","5.0","10.4","6.1","15.7","8.4","10.5","7.6","37.1","9.0","144177","28281","165985","23642","39.7","(X)","(X)","(X)","(X)","(X)","523","152","0.0","7.8","10.1","10.9","0.0","7.8","0.0","7.8","0.6","1.2","4.8","4.8","10.5","9.2","18.0","13.1","10.1","8.2","45.9","14.6","179250","51906","190513","38807","(X)","(X)","46.3","(X)","(X)","(X)","351","105","0.0","11.4","0.0","11.4","0.0","11.4","0.0","11.4","0.9","1.9","4.3","6.6","8.8","10.0","5.7","7.0","15.1","12.2","65.2","17.2","210380","30652","N","N","(X)","(X)","(X)","(X)","(X)","(X)","406","102","1.0","1.7","2.0","3.3","4.9","6.4","1.2","1.9","21.9","17.4","8.9","7.9","10.3","5.7","14.5","9.2","11.1","10.9","24.1","11.8","99167","40307","131291","28135","(X)","(X)","(X)","(X)","31.3","(X)",
"1400000US25025100700","Census Tract 1007; Suffolk County; Massachusetts","1904","184","3.2","3.5","1.9","1.6","5.3","3.9","2.1","1.8","7.5","3.5","10.5","5.5","12.1","6.4","16.4","6.4","10.5","5.0","30.8","8.7","121122","20389","185560","40686","33.9","(X)","(X)","(X)","(X)","(X)","902","138","0.0","4.6","0.0","4.6","1.0","1.8","0.0","4.6","12.5","7.7","14.2","9.8","2.3","2.8","14.4","8.8","14.4","10.0","41.1","13.6","181409","45262","221242","65633","(X)","(X)","35.7","(X)","(X)","(X)","606","143","0.0","6.8","0.0","6.8","0.0","6.8","0.0","6.8","10.9","9.6","8.9","6.9","1.3","2.1","15.5","11.0","8.7","6.6","54.6","15.2","218673","45339","N","N","(X)","(X)","(X)","(X)","(X)","(X)","1002","169","6.0","6.4","3.6","3.2","9.1","7.1","4.0","3.5","2.9","3.5","7.1","4.5","20.9","11.6","18.9","9.6","10.1","6.4","17.6","9.4","98011","24723","149755","52744","(X)","(X)","(X)","(X)","32.2","(X)",
"1400000US25025100800","Census Tract 1008; Suffolk County; Massachusetts","2821","307","7.9","6.3","1.8","1.7","9.1","5.9","3.5","2.6","10.4","5.8","12.3","5.5","10.9","7.2","9.1","5.3","14.9","7.9","20.1","6.5","78533","34526","127543","24657","35.4","(X)","(X)","(X)","(X)","(X)","1506","238","7.8","10.0","0.0","2.8","8.0","8.8","4.1","4.0","4.2","4.8","10.9","5.3","9.4","9.9","3.5","3.3","23.7","10.8","28.5","9.8","157972","74936","163353","37918","(X)","(X)","32.0","(X)","(X)","(X)","780","199","2.2","4.1","0.0","5.3","0.0","5.3","1.3","2.0","3.6","6.4","14.0","9.1","0.0","5.3","5.0","5.3","36.5","14.2","37.4","14.9","167149","60470","N","N","(X)","(X)","(X)","(X)","(X)","(X)","1315","279","8.1","7.1","3.8","3.7","10.5","7.7","2.9","3.4","17.4","11.1","15.5","9.5","12.7","8.9","15.5","10.5","10.2","8.4","3.4","3.8","55625","17898","75509","14521","(X)","(X)","(X)","(X)","39.4","(X)",
"1400000US25025100900","Census Tract 1009; Suffolk County; Massachusetts","1796","194","2.0","1.9","4.8","4.1","1.2","1.3","0.2","0.4","4.3","3.2","10.9","5.5","12.2","4.8","28.7","8.6","16.0","6.4","19.7","6.9","116250","16062","150379","22006","36.5","(X)","(X)","(X)","(X)","(X)","1178","194","1.3","2.2","2.8","3.1","0.9","1.5","0.3","0.7","3.7","4.1","8.7","6.7","13.0","6.7","28.5","10.0","16.7","7.8","24.0","9.0","137606","21979","167874","29499","(X)","(X)","39.0","(X)","(X)","(X)","636","101","0.0","6.5","1.9","3.0","1.7","2.6","0.0","6.5","4.2","5.7","3.8","4.3","13.2","9.4","17.6","9.2","22.8","10.2","34.7","11.9","181694","21251","N","N","(X)","(X)","(X)","(X)","(X)","(X)","618","155","3.4","4.1","8.6","10.9","1.6","2.5","0.0","6.6","5.7","5.2","21.8","13.4","10.8","6.7","29.1","13.9","7.6","5.8","11.3","9.6","94167","26473","108442","27137","(X)","(X)","(X)","(X)","31.7","(X)",
"1400000US25025101001","Census Tract 1010.01; Suffolk County; Massachusetts","2421","330","1.1","1.5","2.5","3.9","7.8","6.8","11.9","6.4","10.1","7.3","13.8","6.2","11.0","5.6","14.0","8.5","10.0","6.2","17.8","8.6","84583","35554","130371","30539","57.4","(X)","(X)","(X)","(X)","(X)","1893","297","0.0","2.2","0.0","2.2","3.3","5.2","15.3","8.0","12.9","9.0","16.6","8.0","10.2","6.6","10.3","8.6","9.8","5.4","21.6","9.9","78315","42956","141826","36885","(X)","(X)","62.5","(X)","(X)","(X)","737","244","0.0","5.6","0.0","5.6","0.0","5.6","3.7","7.2","6.8","10.1","7.3","8.0","11.0","10.6","13.6","11.2","14.9","9.2","42.7","16.0","178313","76961","N","N","(X)","(X)","(X)","(X)","(X)","(X)","528","236","5.1","6.9","11.4","17.1","23.9","22.2","5.7","9.2","0.0","7.7","4.0","5.9","7.6","9.3","27.3","21.2","15.2","19.1","0.0","7.7","-","**","74546","31885","(X)","(X)","(X)","(X)","32.8","(X)",
"1400000US25025101002","Census Tract 1010.02; Suffolk County; Massachusetts","2397","279","3.8","3.2","17.8","8.0","7.6","5.6","4.3","4.9","16.5","9.8","18.7","10.0","10.7","7.2","8.0","5.7","3.8","2.9","8.8","5.2","50104","6112","71800","11716","45.9","(X)","(X)","(X)","(X)","(X)","1434","390","2.4","3.9","4.2","6.4","8.1","8.0","0.0","2.9","15.3","9.5","22.2","15.4","15.0","11.0","12.7","8.4","5.3","4.7","14.8","9.2","71118","28776","97556","20063","(X)","(X)","47.8","(X)","(X)","(X)","623","217","4.0","7.1","0.0","6.6","0.0","6.6","0.0","6.6","19.7","16.9","7.9","10.4","11.1","11.8","19.4","15.6","3.9","4.7","34.0","16.9","125625","57128","N","N","(X)","(X)","(X)","(X)","(X)","(X)","963","257","5.9","6.1","38.0","18.4","6.7","8.2","10.7","12.1","22.1","18.5","12.0","9.3","2.8","4.7","0.0","4.3","1.7","2.7","0.0","4.3","21544","14305","31462","7915","(X)","(X)","(X)","(X)","43.1","(X)",
"1400000US25025101101","Census Tract 1011.01; Suffolk County; Massachusetts","1422","196","2.5","2.7","5.7","5.1","3.3","3.7","12.2","6.0","14.1","7.5","7.9","4.7","4.8","4.5","25.6","9.6","8.5","6.1","15.3","8.1","93750","49433","116913","27500","54.3","(X)","(X)","(X)","(X)","(X)","991","170","3.6","3.9","1.7","2.8","1.6","2.0","16.1","8.9","6.9","6.1","14.6","8.0","5.1","5.8","26.0","12.5","9.1","8.0","15.1","9.0","105231","63451","119152","31894","(X)","(X)","62.5","(X)","(X)","(X)","370","142","0.0","10.8","0.0","10.8","2.7","5.2","1.9","3.2","4.6","7.3","12.7","15.2","0.0","10.8","31.4","18.3","10.0","11.0","36.8","20.5","134755","83673","N","N","(X)","(X)","(X)","(X)","(X)","(X)","431","177","0.0","9.4","14.8","15.2","7.2","10.7","3.0","4.3","30.9","20.6","0.9","1.6","3.9","6.1","17.2","18.1","6.3","10.5","15.8","18.2","-","**","98297","47647","(X)","(X)","(X)","(X)","35.5","(X)",
"1400000US25025101102","Census Tract 1011.02; Suffolk County; Massachusetts","1876","197","20.2","9.7","4.3","3.7","7.0","5.2","2.7","2.3","18.0","7.6","9.8","4.6","8.0","5.9","16.0","8.7","6.2","4.0","7.9","5.2","48889","9306","77055","16535","39.1","(X)","(X)","(X)","(X)","(X)","1190","204","19.7","11.4","2.5","4.1","7.0","5.6","1.1","1.7","13.4","7.7","11.8","6.2","10.8","8.6","17.4","10.3","10.4","7.6","6.0","5.3","56408","22436","84887","20003","(X)","(X)","41.6","(X)","(X)","(X)","311","150","12.9","20.3","0.0","12.8","0.0","12.8","0.0","12.8","0.0","12.8","3.5","5.5","6.1","7.6","48.2","26.6","19.9","18.7","9.3","12.0","124388","21665","N","N","(X)","(X)","(X)","(X)","(X)","(X)","686","202","24.6","15.0","7.3","7.5","7.0","7.5","5.5","5.1","22.3","14.8","6.4","7.5","7.4","7.1","14.9","13.3","4.5","6.0","0.0","6.0","37159","19455","49876","15771","(X)","(X)","(X)","(X)","34.8","(X)",
"1400000US25025110104","Census Tract 1101.04; Suffolk County; Massachusetts","685","103","10.4","8.0","2.9","3.4","7.7","7.0","11.2","11.3","5.8","4.9","14.7","14.2","13.7","11.9","15.3","8.8","3.5","3.5","14.6","6.8","69675","27365","92324","16383","50.9","(X)","(X)","(X)","(X)","(X)","383","106","14.4","11.8","0.5","2.5","5.0","6.1","23.5","19.1","10.4","9.1","7.3","7.6","2.1","3.4","18.0","11.9","1.6","2.6","17.2","10.1","46205","31621","89544","27684","(X)","(X)","58.2","(X)","(X)","(X)","235","91","1.7","3.3","0.9","4.2","0.0","16.5","31.1","27.3","5.1","9.4","8.1","10.4","3.4","5.7","19.1","13.4","2.6","4.4","28.1","18.1","89844","64807","N","N","(X)","(X)","(X)","(X)","(X)","(X)","302","106","5.3","6.8","6.0","7.0","11.3","13.5","0.0","13.1","0.0","13.1","24.2","27.3","24.2","26.0","11.9","12.8","6.0","7.8","11.3","14.3","87754","35732","93337","24316","(X)","(X)","(X)","(X)","41.7","(X)",
"1400000US25025110105","Census Tract 1101.05; Suffolk County; Massachusetts","1283","231","3.8","3.7","0.0","3.3","2.0","2.6","1.9","3.0","6.9","5.4","7.6","6.3","15.1","8.1","14.3","6.0","16.1","8.6","32.2","12.8","145647","51045","148084","21209","42.0","(X)","(X)","(X)","(X)","(X)","502","205","0.0","8.1","0.0","8.1","0.0","8.1","2.8","4.7","0.0","8.1","1.6","2.8","14.9","11.8","11.0","10.3","30.7","20.2","39.0","22.8","171765","54485","169966","23321","(X)","(X)","55.4","(X)","(X)","(X)","369","207","0.0","10.9","0.0","10.9","0.0","10.9","3.8","6.8","0.0","10.9","2.2","4.2","2.4","4.7","9.5","11.0","40.1","25.9","42.0","28.6","195861","51205","N","N","(X)","(X)","(X)","(X)","(X)","(X)","781","174","6.3","6.2","0.0","5.3","3.3","4.1","1.3","3.4","11.3","8.4","11.5","10.2","15.2","9.6","19.1","8.8","13.2","10.2","18.8","11.9","103618","32447","118638","23426","(X)","(X)","(X)","(X)","30.9","(X)",
"1400000US25025110106","Census Tract 1101.06; Suffolk County; Massachusetts","770","304","6.0","4.6","0.6","1.0","5.8","7.6","4.2","5.3","0.5","0.9","29.2","32.4","4.0","4.4","12.1","9.0","18.8","11.1","18.7","10.3","92083","91728","134024","41989","55.1","(X)","(X)","(X)","(X)","(X)","414","326","1.2","3.0","0.0","9.7","1.0","1.7","2.2","5.1","0.0","9.7","52.7","45.8","3.1","4.9","2.7","5.8","21.0","21.0","16.2","19.1","-","**","113519","63290","(X)","(X)","67.9","(X)","(X)","(X)","368","322","0.0","10.9","0.0","10.9","1.1","2.1","0.0","10.9","0.0","10.9","57.9","48.0","1.1","1.9","1.1","4.2","20.7","23.7","18.2","24.3","-","**","N","N","(X)","(X)","(X)","(X)","(X)","(X)","356","92","11.5","8.8","1.4","2.2","11.5","12.4","6.5","9.2","1.1","1.9","2.0","3.1","5.1","7.3","23.0","13.8","16.3","12.2","21.6","11.1","110066","14205","157871","47710","(X)","(X)","(X)","(X)","40.2","(X)",
"1400000US25025110201","Census Tract 1102.01; Suffolk County; Massachusetts","909","103","8.9","5.2","7.8","6.2","16.8","7.5","7.0","4.5","2.6","2.3","10.0","5.8","11.3","5.7","22.1","8.7","2.2","2.4","11.1","4.6","66607","24744","82785","11678","44.4","(X)","(X)","(X)","(X)","(X)","482","118","3.1","3.7","0.0","8.4","11.2","9.0","4.4","5.0","3.9","4.1","7.7","7.2","15.4","9.3","32.4","12.4","2.9","4.1","19.1","8.9","106875","9709","117657","16445","(X)","(X)","56.8","(X)","(X)","(X)","187","99","3.2","6.0","0.0","20.2","2.1","3.5","0.0","20.2","0.0","20.2","13.4","14.8","3.7","6.1","36.9","29.6","7.5","9.6","33.2","20.5","109560","72945","N","N","(X)","(X)","(X)","(X)","(X)","(X)","427","83","15.5","10.3","16.6","13.0","23.2","12.5","10.1","7.5","3.3","3.4","12.6","8.7","6.8","5.4","10.5","7.7","1.4","1.9","0.0","9.5","18438","7707","39231","8335","(X)","(X)","(X)","(X)","30.4","(X)",
"1400000US25025110301","Census Tract 1103.01; Suffolk County; Massachusetts","973","116","5.1","5.0","1.1","1.3","8.0","5.2","2.9","2.5","4.1","4.8","2.6","2.0","11.2","6.0","26.3","7.5","17.9","5.5","20.8","7.4","116858","13697","140237","18281","35.6","(X)","(X)","(X)","(X)","(X)","642","131","2.5","3.1","1.1","1.5","2.8","3.1","2.3","3.1","0.0","6.4","1.9","2.0","12.6","8.6","28.5","8.6","24.8","8.8","23.5","9.4","146786","23854","163469","22547","(X)","(X)","38.3","(X)","(X)","(X)","468","114","0.0","8.7","0.0","8.7","0.0","8.7","0.0","8.7","0.0","8.7","0.0","8.7","8.8","7.7","26.9","10.9","32.1","12.1","32.3","12.3","168250","10790","N","N","(X)","(X)","(X)","(X)","(X)","(X)","331","108","10.3","12.3","1.2","2.2","18.1","14.1","3.9","5.3","12.1","13.3","3.9","4.3","8.5","8.0","24.8","13.7","4.5","4.9","12.7","10.7","80313","52846","91508","24707","(X)","(X)","(X)","(X)","27.5","(X)",
"1400000US25025110401","Census Tract 1104.01; Suffolk County; Massachusetts","1390","146","3.2","3.6","4.1","3.9","0.2","0.4","2.4","2.9","8.7","6.7","14.3","6.5","9.9","4.9","24.3","7.8","8.2","4.1","24.6","7.7","110904","15360","150575","34666","36.5","(X)","(X)","(X)","(X)","(X)","1015","157","4.3","4.9","4.4","5.0","0.3","0.5","2.4","3.5","7.7","7.6","11.1","7.7","7.4","5.2","23.1","8.8","7.9","4.5","31.4","10.0","118438","20287","164550","44901","(X)","(X)","46.7","(X)","(X)","(X)","632","162","0.0","6.5","0.0","6.5","0.0","6.5","0.0","6.5","2.7","3.7","12.7","10.4","10.0","8.0","27.4","10.3","6.2","4.9","41.1","13.7","146111","63843","N","N","(X)","(X)","(X)","(X)","(X)","(X)","375","122","0.0","10.7","3.2","5.1","0.0","10.7","2.7","6.5","11.5","12.4","22.9","15.2","16.8","14.4","27.7","14.4","9.1","8.7","6.1","7.2","97716","24151","103600","16267","(X)","(X)","(X)","(X)","9.1","(X)",
"1400000US25025110403","Census Tract 1104.03; Suffolk County; Massachusetts","1786","190","1.8","2.8","0.0","2.3","4.9","4.1","3.2","2.8","2.8","2.0","11.0","5.3","8.4","3.9","25.9","8.0","17.6","7.0","24.2","7.9","132069","25076","167446","23386","38.7","(X)","(X)","(X)","(X)","(X)","1249","165","0.0","3.3","0.0","3.3","0.0","3.3","3.0","3.1","3.7","3.1","7.6","5.6","8.5","5.1","29.1","9.4","20.9","8.6","27.1","10.3","144663","48337","182905","26833","(X)","(X)","46.0","(X)","(X)","(X)","933","211","0.0","4.4","0.0","4.4","0.0","4.4","0.4","0.8","0.8","1.2","2.9","4.8","5.9","4.9","26.7","11.6","27.0","12.1","36.3","12.4","185205","17674","N","N","(X)","(X)","(X)","(X)","(X)","(X)","537","172","6.0","9.0","0.0","7.6","16.4","11.9","6.5","6.9","2.0","3.1","17.7","10.3","5.4","5.2","22.9","14.3","10.1","9.3","13.0","10.7","76875","61300","124840","44234","(X)","(X)","(X)","(X)","22.0","(X)",
"1400000US25025110501","Census Tract 1105.01; Suffolk County; Massachusetts","1374","178","1.1","1.8","1.1","1.6","4.4","4.2","1.4","1.6","10.8","7.3","8.9","6.9","7.0","4.8","16.7","7.4","22.7","8.4","26.0","7.2","138125","33569","159447","21462","33.5","(X)","(X)","(X)","(X)","(X)","861","158","1.3","2.0","1.7","2.5","1.5","2.5","1.0","1.6","3.1","3.3","10.9","10.8","7.3","6.5","9.4","5.9","25.1","9.8","38.6","10.9","174920","13234","192772","29988","(X)","(X)","30.7","(X)","(X)","(X)","674","153","0.0","6.1","2.2","3.1","0.0","6.1","0.0","6.1","2.5","3.0","11.0","13.8","3.0","4.0","12.0","7.7","23.1","10.4","46.1","12.7","186538","33840","N","N","(X)","(X)","(X)","(X)","(X)","(X)","513","137","2.9","5.1","0.0","7.9","11.9","11.2","1.9","3.3","23.6","17.6","5.5","5.8","6.4","7.1","24.2","13.9","18.7","15.5","4.9","5.2","97232","59255","98231","20385","(X)","(X)","(X)","(X)","38.2","(X)",
"1400000US25025110502","Census Tract 1105.02; Suffolk County; Massachusetts","1847","272","1.4","1.4","5.5","4.1","3.2","3.4","4.7","3.7","6.4","3.6","9.2","5.8","9.3","5.3","17.4","6.2","14.0","9.7","28.9","7.4","127788","32412","163150","23030","35.2","(X)","(X)","(X)","(X)","(X)","1043","270","0.0","4.0","1.2","1.9","2.1","2.8","5.2","5.9","5.9","5.2","5.4","3.4","12.4","8.8","17.3","7.7","19.3","15.5","31.3","10.3","154792","60841","178050","22269","(X)","(X)","39.1","(X)","(X)","(X)","595","102","0.0","6.9","2.2","3.3","0.0","6.9","0.0","6.9","3.0","4.6","1.8","3.0","2.0","3.0","24.0","10.7","12.1","7.1","54.8","10.1","207457","15381","N","N","(X)","(X)","(X)","(X)","(X)","(X)","804","167","3.2","3.3","10.9","8.5","6.8","7.6","4.1","3.7","7.1","5.4","14.8","10.8","12.3","7.2","15.8","9.9","7.5","5.4","17.4","10.8","87857","35872","113214","30391","(X)","(X)","(X)","(X)","28.6","(X)",
"1400000US25025110601","Census Tract 1106.01; Suffolk County; Massachusetts","1327","225","0.0","3.1","0.8","1.3","0.5","0.8","3.8","3.1","3.9","3.1","9.8","5.9","10.3","10.1","15.6","5.9","14.5","7.4","40.8","8.6","159397","15364","210325","31632","31.4","(X)","(X)","(X)","(X)","(X)","758","160","0.0","5.4","0.0","5.4","0.0","5.4","0.0","5.4","0.0","5.4","2.5","3.0","2.1","2.8","19.9","8.3","15.6","8.5","59.9","12.2","250,000+","***","285084","49061","(X)","(X)","25.7","(X)","(X)","(X)","698","150","0.0","5.9","0.0","5.9","0.0","5.9","0.0","5.9","0.0","5.9","1.4","2.3","2.3","3.1","14.3","7.2","16.9","9.3","65.0","12.0","250,000+","***","N","N","(X)","(X)","(X)","(X)","(X)","(X)","569","184","0.0","7.2","1.8","3.2","1.2","1.9","8.8","7.9","9.1","7.4","19.5","13.1","21.3","20.9","9.8","8.2","13.2","13.5","15.3","9.0","97841","40049","110372","20754","(X)","(X)","(X)","(X)","39.0","(X)",
"1400000US25025110607","Census Tract 1106.07; Suffolk County; Massachusetts","2177","209","1.6","2.0","1.4","2.0","5.8","5.5","0.2","0.5","4.1","3.6","9.6","5.7","13.6","6.5","19.1","6.8","13.6","6.5","31.1","8.4","135481","20273","188880","44829","41.8","(X)","(X)","(X)","(X)","(X)","1289","225","0.0","3.2","2.3","3.4","2.2","3.8","0.4","0.9","3.2","4.4","6.8","5.3","10.4","7.5","19.5","9.1","9.0","6.9","46.2","12.3","164436","67475","239144","75851","(X)","(X)","50.0","(X)","(X)","(X)","1074","217","0.0","3.9","2.1","3.6","2.7","4.5","0.5","1.1","0.0","3.9","6.5","6.0","8.6","7.5","15.8","7.9","9.3","7.8","54.5","13.3","217861","59474","N","N","(X)","(X)","(X)","(X)","(X)","(X)","888","197","3.8","4.7","0.0","4.7","11.0","12.3","0.0","4.7","5.5","6.4","13.7","11.0","18.2","11.1","18.5","9.2","20.0","11.4","9.1","6.8","97813","31584","115820","23434","(X)","(X)","(X)","(X)","29.8","(X)",
"1400000US25025120103","Census Tract 1201.03; Suffolk County; Massachusetts","731","79","2.9","2.5","2.3","2.5","0.0","5.6","0.0","5.6","1.4","2.2","7.0","3.9","4.2","3.3","12.3","6.1","8.1","4.8","61.8","7.8","250,000+","***","314711","44436","39.4","(X)","(X)","(X)","(X)","(X)","420","58","0.0","9.6","0.0","9.6","0.0","9.6","0.0","9.6","0.0","9.6","3.1","3.6","0.7","1.1","3.8","4.3","10.2","6.5","82.1","7.9","250,000+","***","415338","77249","(X)","(X)","41.0","(X)","(X)","(X)","383","57","0.0","10.5","0.0","10.5","0.0","10.5","0.0","10.5","0.0","10.5","2.3","3.6","0.8","1.2","4.2","4.6","8.9","6.3","83.8","8.4","250,000+","***","N","N","(X)","(X)","(X)","(X)","(X)","(X)","311","72","6.8","5.7","5.5","5.9","0.0","12.8","0.0","12.8","3.2","5.1","13.5","8.2","7.7","7.7","23.8","12.7","8.0","7.5","31.5","11.2","130655","21902","172941","43813","(X)","(X)","(X)","(X)","34.4","(X)",
"1400000US25025120104","Census Tract 1201.04; Suffolk County; Massachusetts","1096","112","6.9","7.3","0.0","3.8","1.6","2.5","1.5","1.7","2.6","3.0","6.6","4.7","13.1","6.0","24.9","8.9","9.9","5.9","32.8","7.6","131591","14802","189750","27855","37.3","(X)","(X)","(X)","(X)","(X)","495","103","1.2","1.9","0.0","8.2","0.0","8.2","0.0","8.2","0.0","8.2","1.4","2.5","3.2","4.1","40.6","14.7","5.5","6.6","48.1","13.8","180917","71866","260831","54041","(X)","(X)","36.8","(X)","(X)","(X)","439","100","0.0","9.2","0.0","9.2","0.0","9.2","0.0","9.2","0.0","9.2","1.6","2.8","2.5","4.0","45.8","16.2","6.2","7.6","44.0","15.2","177604","87330","N","N","(X)","(X)","(X)","(X)","(X)","(X)","601","95","11.6","12.8","0.0","6.8","3.0","4.4","2.7","3.2","4.7","5.6","10.8","8.7","21.3","9.9","12.0","6.9","13.6","9.9","20.3","8.9","92875","25235","130481","30520","(X)","(X)","(X)","(X)","37.8","(X)",
"1400000US25025120105","Census Tract 1201.05; Suffolk County; Massachusetts","905","97","1.2","2.1","1.4","1.8","4.4","5.2","2.2","1.9","3.5","2.3","6.9","3.4","7.7","5.4","8.6","4.4","14.4","5.2","49.6","8.1","198250","23961","262843","39831","29.6","(X)","(X)","(X)","(X)","(X)","643","76","0.0","6.4","0.0","6.4","5.6","7.2","0.6","1.1","1.9","2.7","6.4","4.3","4.4","4.5","5.6","4.0","12.0","4.8","63.6","10.5","245179","32633","304711","51025","(X)","(X)","25.8","(X)","(X)","(X)","536","62","0.0","7.6","0.0","7.6","1.1","1.5","0.0","7.6","2.2","3.3","7.6","5.2","0.9","1.4","5.6","4.8","10.6","4.8","71.8","8.6","250,000+","***","N","N","(X)","(X)","(X)","(X)","(X)","(X)","262","84","4.2","7.0","5.0","6.0","1.5","2.7","6.1","6.1","7.6","7.1","8.0","6.4","16.0","15.3","16.0","9.8","20.2","10.9","15.3","8.7","108056","23115","153586","53556","(X)","(X)","(X)","(X)","38.9","(X)",
"1400000US25025120201","Census Tract 1202.01; Suffolk County; Massachusetts","2243","273","9.6","10.9","9.8","6.7","3.4","3.5","2.3","2.9","2.2","2.4","10.1","5.3","7.0","4.8","20.3","9.1","10.9","6.6","24.4","7.6","105701","22200","133562","23533","34.3","(X)","(X)","(X)","(X)","(X)","776","192","0.0","5.3","0.0","5.3","2.6","4.0","0.0","5.3","3.9","5.4","9.4","7.8","5.9","6.1","22.9","10.4","9.4","9.1","45.9","11.8","155313","68043","201982","32981","(X)","(X)","28.9","(X)","(X)","(X)","615","158","0.0","6.7","0.0","6.7","3.3","5.1","0.0","6.7","0.0","6.7","6.7","7.5","2.9","4.8","21.0","12.0","8.3","8.4","57.9","13.6","226750","58371","N","N","(X)","(X)","(X)","(X)","(X)","(X)","1467","310","14.7","16.0","14.9","10.2","3.9","4.6","3.5","4.5","3.3","3.7","8.5","5.8","8.7","6.8","19.5","12.3","9.8","8.4","13.1","9.5","79028","31400","92830","23843","(X)","(X)","(X)","(X)","33.5","(X)",
"1400000US25025120301","Census Tract 1203.01; Suffolk County; Massachusetts","2197","207","4.6","4.5","6.4","5.7","2.0","2.3","5.5","5.0","7.4","4.4","5.6","4.4","9.6","7.1","25.9","8.0","12.5","5.5","20.3","7.6","129440","21627","131061","16449","38.4","(X)","(X)","(X)","(X)","(X)","876","220","1.6","2.6","0.0","4.7","0.0","4.7","13.8","12.9","14.6","9.0","1.4","2.4","14.4","13.2","15.1","8.8","7.0","5.4","32.2","13.1","123409","43066","153270","34489","(X)","(X)","50.3","(X)","(X)","(X)","662","195","0.0","6.2","0.0","6.2","0.0","6.2","3.9","6.2","3.5","4.2","1.8","3.2","19.0","15.7","19.9","10.8","9.2","7.1","42.6","16.4","172841","71424","N","N","(X)","(X)","(X)","(X)","(X)","(X)","1321","216","6.7","7.1","10.6","9.1","3.4","3.9","1.9","2.5","1.4","1.9","8.5","7.0","6.5","6.4","32.3","11.5","16.2","7.9","12.5","8.8","129784","27270","115451","18981","(X)","(X)","(X)","(X)","30.5","(X)",
"1400000US25025120400","Census Tract 1204; Suffolk County; Massachusetts","3011","286","1.5","1.6","0.0","1.4","0.0","1.4","3.8","2.5","2.8","2.1","5.5","3.0","4.6","3.2","23.7","8.0","14.5","5.0","43.4","8.2","179289","24702","205593","20207","29.9","(X)","(X)","(X)","(X)","(X)","1326","192","0.0","3.2","0.0","3.2","0.0","3.2","0.8","1.9","0.0","3.2","3.5","3.2","3.3","3.5","12.5","6.9","22.0","9.1","57.8","10.2","224421","22174","258573","30838","(X)","(X)","19.2","(X)","(X)","(X)","1210","183","0.0","3.4","0.0","3.4","0.0","3.4","0.0","3.4","0.0","3.4","3.9","3.5","3.6","3.9","11.9","7.2","18.8","8.8","61.8","10.3","233295","29121","N","N","(X)","(X)","(X)","(X)","(X)","(X)","1685","275","2.7","2.9","0.0","2.5","0.0","2.5","6.2","3.9","5.0","4.0","7.1","5.1","5.7","5.0","33.9","12.2","11.0","5.7","28.4","12.5","129357","23846","156134","27659","(X)","(X)","(X)","(X)","34.2","(X)",
"1400000US25025120500","Census Tract 1205; Suffolk County; Massachusetts","1060","206","3.9","2.5","2.2","2.8","2.8","2.3","5.4","3.3","1.2","1.5","7.7","5.2","10.8","5.2","8.1","5.1","12.1","6.0","45.8","13.8","185667","61575","216279","48926","47.7","(X)","(X)","(X)","(X)","(X)","438","84","0.0","9.2","0.0","9.2","1.4","2.6","9.4","7.7","2.7","3.6","5.5","5.3","10.3","7.4","7.3","5.3","15.1","12.0","48.4","14.1","186917","80625","282068","110004","(X)","(X)","36.8","(X)","(X)","(X)","370","94","0.0","10.8","0.0","10.8","0.0","10.8","1.9","3.0","1.9","3.3","6.5","6.4","12.2","8.8","8.4","6.4","13.5","12.7","55.7","14.3","234091","52810","N","N","(X)","(X)","(X)","(X)","(X)","(X)","622","191","6.6","4.6","3.7","4.9","3.9","3.7","2.6","3.0","1.0","1.6","10.1","8.2","11.3","7.0","7.9","7.8","11.7","6.8","41.3","23.6","155000","93278","163347","40652","(X)","(X)","(X)","(X)","54.7","(X)",
"1400000US25025120600","Census Tract 1206; Suffolk County; Massachusetts","1154","201","2.8","2.7","0.0","3.6","0.0","3.6","1.7","2.1","6.2","5.2","10.2","6.5","9.7","5.1","16.7","10.8","18.5","9.3","34.1","11.2","152727","32397","192015","28064","32.4","(X)","(X)","(X)","(X)","(X)","520","211","0.0","7.8","0.0","7.8","0.0","7.8","0.0","7.8","0.0","7.8","1.7","3.3","7.3","7.5","20.2","19.9","17.5","13.2","53.3","20.7","203333","72911","252461","47126","(X)","(X)","34.6","(X)","(X)","(X)","439","207","0.0","9.2","0.0","9.2","0.0","9.2","0.0","9.2","0.0","9.2","2.1","3.9","0.0","9.2","20.7","23.2","14.1","13.7","63.1","24.7","243295","104699","N","N","(X)","(X)","(X)","(X)","(X)","(X)","634","101","5.0","4.8","0.0","6.5","0.0","6.5","3.2","3.7","11.4","9.2","17.2","10.4","14.8","8.5","13.9","8.4","16.1","10.8","18.5","8.5","93684","24658","140516","24838","(X)","(X)","(X)","(X)","30.6","(X)",
"1400000US25025120700","Census Tract 1207; Suffolk County; Massachusetts","904","132","2.2","3.7","0.0","4.6","2.7","2.8","9.5","7.6","0.4","0.7","10.5","6.4","12.4","7.6","10.5","6.1","25.6","11.7","26.2","8.3","161818","49967","162696","22782","35.2","(X)","(X)","(X)","(X)","(X)","399","127","0.0","10.1","0.0","10.1","1.8","3.7","8.0","7.8","0.0","10.1","5.5","6.8","13.0","13.7","8.5","8.1","33.1","19.3","30.1","15.8","173673","9480","200114","42918","(X)","(X)","40.4","(X)","(X)","(X)","262","83","0.0","14.9","0.0","14.9","0.0","14.9","5.7","8.5","0.0","14.9","8.4","10.3","7.3","8.7","13.0","11.5","19.8","13.1","45.8","18.2","189167","91467","N","N","(X)","(X)","(X)","(X)","(X)","(X)","505","98","4.0","6.5","0.0","8.1","3.4","4.2","10.7","11.0","0.8","1.2","14.5","9.4","11.9","8.1","12.1","8.2","19.6","11.6","23.2","10.2","127625","60763","133113","23699","(X)","(X)","(X)","(X)","28.9","(X)",
"1400000US25025130101","Census Tract 1301.01; Suffolk County; Massachusetts","2659","315","2.3","2.0","4.5","3.8","3.0","2.5","5.0","3.6","6.1","3.4","14.5","6.4","4.2","2.6","12.1","5.4","15.6","6.2","32.6","7.5","141642","35582","162614","18316","32.8","(X)","(X)","(X)","(X)","(X)","1550","298","3.1","2.4","0.0","2.7","2.8","3.4","1.4","2.4","3.1","4.2","10.8","7.1","2.6","2.9","11.5","6.3","14.7","8.3","49.9","11.9","199792","48443","209098","30261","(X)","(X)","33.2","(X)","(X)","(X)","954","198","1.0","1.8","0.0","4.4","4.6","5.1","0.0","4.4","0.0","4.4","8.8","7.1","2.8","4.1","6.9","5.1","18.3","11.0","57.4","11.4","221875","36153","N","N","(X)","(X)","(X)","(X)","(X)","(X)","1109","199","3.2","3.9","10.8","9.1","3.3","3.8","9.9","7.3","10.3","6.5","19.7","11.8","6.3","5.1","16.7","9.8","11.3","6.9","8.5","6.5","63583","14767","93255","18582","(X)","(X)","(X)","(X)","32.2","(X)",
"1400000US25025130200","Census Tract 1302; Suffolk County; Massachusetts","1955","178","5.7","6.6","0.0","2.1","2.1","1.7","1.2","1.5","7.5","5.5","9.5","3.7","6.8","3.7","16.5","6.5","11.5","4.9","39.2","6.7","151089","37527","210186","29636","33.7","(X)","(X)","(X)","(X)","(X)","1174","154","1.0","1.7","0.0","3.6","0.0","3.6","0.0","3.6","0.0","3.6","8.5","5.1","2.7","2.6","18.9","7.8","11.9","6.8","56.9","10.0","250,000+","***","277795","40634","(X)","(X)","37.6","(X)","(X)","(X)","960","148","0.0","4.3","0.0","4.3","0.0","4.3","0.0","4.3","0.0","4.3","8.9","5.7","2.2","2.6","14.2","8.4","11.9","7.5","62.9","10.9","250,000+","***","N","N","(X)","(X)","(X)","(X)","(X)","(X)","781","180","12.8","15.6","0.0","5.3","5.4","4.4","3.1","3.9","18.8","13.2","10.9","6.7","12.8","8.6","12.8","9.1","10.9","7.5","12.5","6.4","71563","31387","108450","34503","(X)","(X)","(X)","(X)","27.8","(X)",
"1400000US25025130300","Census Tract 1303; Suffolk County; Massachusetts","1747","188","1.5","2.1","0.8","1.2","2.2","1.6","2.3","2.1","3.1","1.7","7.7","4.4","5.6","3.7","17.7","7.4","16.7","7.6","42.3","7.2","187121","24358","216550","23905","35.6","(X)","(X)","(X)","(X)","(X)","1279","175","1.9","2.0","0.0","3.3","0.0","3.3","2.0","2.0","2.1","2.0","4.3","3.1","4.8","4.3","18.7","9.7","19.5","9.8","46.8","9.7","198779","10205","242272","32185","(X)","(X)","38.9","(X)","(X)","(X)","1150","177","1.3","2.0","0.0","3.6","0.0","3.6","2.2","2.2","1.4","1.6","4.2","3.3","4.3","4.6","18.8","10.2","16.7","9.5","51.2","11.0","203958","30363","N","N","(X)","(X)","(X)","(X)","(X)","(X)","468","117","2.6","4.3","3.0","4.4","8.3","6.2","3.4","5.4","5.8","6.5","16.9","12.3","6.0","6.5","16.7","10.6","9.0","8.1","28.4","14.6","111532","47275","141630","34002","(X)","(X)","(X)","(X)","24.8","(X)",
"1400000US25025130402","Census Tract 1304.02; Suffolk County; Massachusetts","2177","300","4.4","3.9","5.3","4.3","3.4","2.9","8.5","4.3","1.0","1.6","12.2","6.7","13.6","6.3","14.5","6.9","6.4","5.4","30.7","11.5","108547","29912","158994","33134","43.0","(X)","(X)","(X)","(X)","(X)","1416","262","1.1","1.9","0.0","3.0","0.5","1.0","0.6","1.0","1.5","2.6","13.3","9.5","14.5","7.5","14.4","9.7","7.7","7.3","46.4","15.4","187130","77441","214274","43299","(X)","(X)","48.8","(X)","(X)","(X)","1172","257","1.4","2.4","0.0","3.6","0.6","1.2","0.7","1.2","1.8","3.1","12.1","10.1","14.3","8.4","9.0","8.7","5.1","5.6","55.0","16.6","201505","64224","N","N","(X)","(X)","(X)","(X)","(X)","(X)","761","213","10.5","10.5","15.1","11.4","8.9","7.7","23.4","12.1","0.0","5.4","10.0","8.3","11.8","9.2","14.7","13.4","3.9","7.6","1.6","2.7","32776","20612","55389","16219","(X)","(X)","(X)","(X)","32.3","(X)",
"1400000US25025130404","Census Tract 1304.04; Suffolk County; Massachusetts","1373","163","1.9","2.0","5.2","3.8","1.9","1.9","10.1","7.5","7.2","5.3","18.2","8.3","6.1","3.6","20.5","6.7","11.6","8.0","17.4","5.7","95795","25112","133666","28733","45.6","(X)","(X)","(X)","(X)","(X)","581","109","1.5","2.5","4.1","6.3","1.2","2.2","5.9","6.6","4.0","4.2","1.7","2.5","11.0","7.6","23.8","10.0","8.8","6.6","38.0","13.0","146791","25893","203185","66163","(X)","(X)","47.3","(X)","(X)","(X)","432","93","2.1","3.3","0.0","9.4","0.0","9.4","0.0","9.4","2.3","3.3","0.0","9.4","12.5","8.0","23.1","12.7","11.8","9.4","48.1","15.1","180682","56864","N","N","(X)","(X)","(X)","(X)","(X)","(X)","792","159","2.1","2.8","5.9","6.8","2.4","2.8","13.1","11.7","9.6","9.3","30.3","13.2","3.8","3.9","17.9","9.3","13.6","13.2","1.1","2.1","62027","5922","79637","19876","(X)","(X)","(X)","(X)","42.7","(X)",
"1400000US25025130406","Census Tract 1304.06; Suffolk County; Massachusetts","2282","315","11.0","7.1","4.0","2.8","30.3","15.6","3.4","4.1","6.7","6.8","9.3","8.0","3.7","3.7","12.6","6.4","7.4","7.1","11.6","8.6","46033","39081","78740","20986","24.9","(X)","(X)","(X)","(X)","(X)","1574","377","4.6","6.0","1.2","2.1","30.1","21.2","4.6","5.7","7.9","9.6","8.9","10.1","4.3","4.8","12.9","8.3","9.7","11.0","15.8","12.3","-","**","94992","31155","(X)","(X)","19.7","(X)","(X)","(X)","558","143","0.0","7.3","0.0","7.3","1.6","2.9","0.0","7.3","0.0","7.3","8.8","16.8","5.6","8.6","14.2","9.7","25.3","28.0","44.6","31.1","152220","95864","N","N","(X)","(X)","(X)","(X)","(X)","(X)","708","216","25.1","17.6","10.2","7.7","30.8","18.6","0.6","1.0","4.1","4.8","10.2","11.4","2.5","4.1","11.9","9.8","2.5","4.4","2.1","3.5","19167","5707","42610","14434","(X)","(X)","(X)","(X)","36.6","(X)",
"1400000US25025140102","Census Tract 1401.02; Suffolk County; Massachusetts","1805","193","2.2","1.9","1.1","1.2","3.5","4.4","4.9","3.3","9.5","6.7","4.3","3.1","9.3","4.2","30.9","9.7","14.8","7.0","19.6","6.5","130498","9761","142637","18636","48.9","(X)","(X)","(X)","(X)","(X)","1256","206","0.9","1.4","0.0","3.3","1.0","1.4","2.6","3.3","12.1","8.1","1.4","1.6","2.9","2.9","36.3","11.5","16.8","9.2","26.0","10.0","138906","13235","165294","26615","(X)","(X)","57.9","(X)","(X)","(X)","825","166","1.3","2.2","0.0","5.0","0.0","5.0","2.1","3.2","7.9","9.6","2.2","2.6","3.3","3.3","34.2","14.8","19.2","12.8","29.9","12.8","146932","33923","N","N","(X)","(X)","(X)","(X)","(X)","(X)","549","172","5.3","5.3","3.5","4.0","9.5","12.6","10.0","7.9","11.7","11.9","10.7","9.1","20.2","11.2","16.9","13.4","9.7","8.3","2.6","4.1","70750","40424","79855","13884","(X)","(X)","(X)","(X)","28.4","(X)",
"1400000US25025140105","Census Tract 1401.05; Suffolk County; Massachusetts","1315","133","2.4","2.8","0.0","3.2","6.8","7.0","4.3","3.7","9.4","6.2","14.8","8.6","15.7","8.2","28.3","9.8","5.7","3.3","12.7","5.4","89676","27683","110122","13232","61.7","(X)","(X)","(X)","(X)","(X)","1024","157","3.2","5.3","0.0","4.1","9.4","8.9","4.7","4.6","4.9","3.7","9.5","8.8","17.5","10.0","32.6","12.4","6.2","3.7","12.1","6.3","104375","20817","113104","15346","(X)","(X)","66.7","(X)","(X)","(X)","385","92","0.0","10.4","0.0","10.4","0.0","10.4","6.5","10.3","4.4","5.0","6.0","8.5","10.9","10.5","26.2","16.4","13.8","7.6","32.2","14.3","145568","37220","N","N","(X)","(X)","(X)","(X)","(X)","(X)","291","121","10.7","12.2","0.0","13.6","15.8","21.7","3.1","4.8","7.2","7.8","25.8","19.5","9.3","14.1","20.3","13.5","0.0","13.6","7.9","8.5","68542","12892","77450","21967","(X)","(X)","(X)","(X)","44.0","(X)",
"1400000US25025140106","Census Tract 1401.06; Suffolk County; Massachusetts","1060","154","10.2","6.4","5.0","3.4","7.3","5.2","14.2","7.9","4.1","3.4","18.0","9.5","9.9","6.6","21.2","10.3","2.6","2.3","7.5","4.5","69135","22309","82069","15802","49.4","(X)","(X)","(X)","(X)","(X)","529","100","1.7","2.5","3.2","3.5","0.0","7.7","19.1","11.0","2.3","3.6","24.4","12.9","12.7","10.3","18.5","12.0","6.6","6.2","11.5","9.0","72404","31531","106138","27272","(X)","(X)","51.8","(X)","(X)","(X)","157","68","5.7","8.4","5.7","8.6","0.0","23.4","0.0","23.4","0.0","23.4","15.9","19.9","9.6","10.2","21.0","21.6","22.3","18.0","19.7","17.4","104635","75214","N","N","(X)","(X)","(X)","(X)","(X)","(X)","531","161","18.6","11.5","6.8","6.5","14.5","10.4","11.5","10.5","5.8","6.3","16.4","12.0","2.4","3.5","23.9","15.8","0.0","7.7","0.0","7.7","32917","23339","53340","17971","(X)","(X)","(X)","(X)","44.8","(X)",
"1400000US25025140107","Census Tract 1401.07; Suffolk County; Massachusetts","1126","134","5.8","4.6","5.5","4.0","4.2","2.6","6.5","4.9","9.6","8.6","0.6","1.1","13.4","8.1","18.7","6.0","15.3","6.9","20.5","8.6","107000","18989","126488","21755","50.2","(X)","(X)","(X)","(X)","(X)","725","116","3.2","4.4","1.1","2.0","0.3","0.7","7.3","6.9","3.3","3.6","6.1","7.4","10.9","8.4","31.6","9.8","19.0","8.8","17.2","9.9","117401","8838","142311","24046","(X)","(X)","41.4","(X)","(X)","(X)","338","117","0.0","11.8","0.0","11.8","0.0","11.8","13.3","12.5","3.6","5.8","0.0","11.8","10.9","11.9","28.7","12.5","20.7","12.9","22.8","11.6","129821","46790","N","N","(X)","(X)","(X)","(X)","(X)","(X)","401","127","10.5","12.3","13.5","10.9","11.2","7.3","5.0","5.3","20.9","22.3","0.0","10.0","18.0","14.7","12.7","8.8","1.0","1.6","7.2","6.7","36619","22081","66064","20149","(X)","(X)","(X)","(X)","56.9","(X)",
"1400000US25025140201","Census Tract 1402.01; Suffolk County; Massachusetts","1029","182","8.6","5.7","0.0","4.0","0.0","4.0","8.1","4.3","7.6","4.8","13.2","7.2","8.0","6.4","36.6","12.8","6.1","3.8","11.9","6.2","112656","21821","119970","19197","34.5","(X)","(X)","(X)","(X)","(X)","699","192","1.4","2.0","0.0","5.9","0.0","5.9","6.7","4.4","11.0","7.7","10.6","8.3","5.0","3.7","42.3","16.5","6.0","4.6","16.9","8.6","118750","10893","142732","27311","(X)","(X)","40.5","(X)","(X)","(X)","499","195","2.0","2.8","0.0","8.2","0.0","8.2","3.6","4.8","3.2","4.8","3.6","4.9","4.8","4.0","55.3","18.3","7.6","6.2","19.8","12.0","134871","17366","N","N","(X)","(X)","(X)","(X)","(X)","(X)","330","86","23.6","14.2","0.0","12.1","0.0","12.1","10.9","10.1","4.5","5.1","14.5","14.2","14.2","17.7","24.5","12.7","7.6","7.8","0.0","12.1","56786","45775","69581","17678","(X)","(X)","(X)","(X)","21.8","(X)",
"1400000US25025140202","Census Tract 1402.02; Suffolk County; Massachusetts","2092","173","1.6","1.8","0.0","2.0","3.1","4.5","2.4","2.4","7.7","7.0","11.5","6.0","17.4","8.5","19.5","7.5","17.3","7.8","19.5","7.7","109539","21625","157776","34452","46.5","(X)","(X)","(X)","(X)","(X)","1395","200","0.0","3.0","0.0","3.0","0.0","3.0","1.1","2.0","8.9","8.5","12.5","7.0","11.6","9.0","25.7","12.0","13.9","9.5","26.3","11.0","125466","32427","186124","50220","(X)","(X)","63.1","(X)","(X)","(X)","880","205","0.0","4.7","0.0","4.7","0.0","4.7","0.0","4.7","0.0","4.7","10.2","7.9","5.9","6.8","30.0","17.3","12.2","9.6","41.7","16.0","186269","87940","N","N","(X)","(X)","(X)","(X)","(X)","(X)","697","192","4.9","5.5","0.0","5.9","9.3","13.9","5.0","5.6","9.0","10.1","13.8","10.0","25.3","16.8","4.7","5.4","22.2","20.4","5.7","7.1","90250","23231","95943","26012","(X)","(X)","(X)","(X)","13.3","(X)",
"1400000US25025140300","Census Tract 1403; Suffolk County; Massachusetts","2721","434","10.4","7.1","2.8","3.2","9.4","6.4","3.7","3.8","8.5","6.7","14.1","8.2","14.1","7.4","24.7","10.7","4.5","3.2","7.8","4.7","80245","17958","90936","13740","50.6","(X)","(X)","(X)","(X)","(X)","1737","328","6.4","7.1","0.0","2.4","7.0","8.0","9.2","7.8","6.0","7.5","16.2","12.2","13.7","9.5","25.0","10.4","5.6","4.3","10.9","6.8","95336","26717","105897","19116","(X)","(X)","61.8","(X)","(X)","(X)","692","240","1.7","3.2","0.0","6.0","1.7","3.1","0.0","6.0","0.0","6.0","6.1","7.0","20.7","20.8","42.8","16.9","9.4","8.4","17.6","13.2","127500","21861","N","N","(X)","(X)","(X)","(X)","(X)","(X)","984","326","17.4","16.2","7.7","9.1","13.6","10.9","2.2","3.7","15.1","13.4","10.5","9.9","6.8","6.3","24.2","25.5","2.4","4.2","0.0","4.2","43810","28077","54978","20916","(X)","(X)","(X)","(X)","28.7","(X)",
"1400000US25025140400","Census Tract 1404; Suffolk County; Massachusetts","3072","315","4.9","4.8","4.6","3.5","6.0","4.7","3.6","3.2","7.3","4.4","9.1","4.9","11.1","5.4","18.6","9.6","19.3","7.6","15.5","6.2","110794","17633","129020","17785","50.7","(X)","(X)","(X)","(X)","(X)","1769","283","0.0","2.4","2.1","2.8","4.9","5.1","3.1","4.6","3.9","4.2","6.6","5.2","5.1","4.2","21.9","11.3","26.8","10.8","25.7","11.0","158810","39150","168482","31663","(X)","(X)","66.0","(X)","(X)","(X)","961","250","0.0","4.3","0.0","4.3","4.0","5.9","5.6","8.7","3.4","5.1","2.5","3.6","0.0","4.3","23.8","14.2","26.2","13.0","34.4","14.5","170886","28333","N","N","(X)","(X)","(X)","(X)","(X)","(X)","1303","299","11.5","10.9","8.0","8.9","7.5","8.0","4.5","4.9","11.8","8.8","12.5","9.4","19.3","9.9","16.4","17.2","6.8","7.3","1.7","2.8","63719","29748","70017","18182","(X)","(X)","(X)","(X)","23.7","(X)",
"1400000US25025160102","Census Tract 1601.02; Suffolk County; Massachusetts","1189","187","4.5","4.9","9.5","8.9","1.8","1.7","8.9","9.9","10.6","6.7","13.6","7.8","12.8","10.7","21.4","9.2","9.2","5.4","7.7","6.4","78664","38911","106532","29210","64.0","(X)","(X)","(X)","(X)","(X)","832","186","1.7","2.8","4.2","5.0","2.0","3.4","20.6","15.0","12.1","8.9","8.4","7.2","20.1","15.1","13.7","7.2","6.1","5.7","11.1","9.1","78190","56384","111838","40044","(X)","(X)","67.1","(X)","(X)","(X)","435","186","0.0","9.3","8.0","9.3","0.0","9.3","1.6","2.7","9.9","12.0","5.7","6.5","27.1","26.0","21.8","11.4","11.7","11.2","14.0","14.9","99680","27174","N","N","(X)","(X)","(X)","(X)","(X)","(X)","357","157","14.8","15.8","21.8","24.3","5.9","6.5","0.0","11.2","3.1","5.0","18.2","19.2","0.0","11.2","32.8","24.7","3.4","5.3","0.0","11.2","-","**","62088","24497","(X)","(X)","(X)","(X)","32.5","(X)",
"1400000US25025160103","Census Tract 1601.03; Suffolk County; Massachusetts","1280","178","2.2","2.7","5.2","5.4","9.3","9.5","5.5","5.1","9.9","7.8","17.7","7.9","22.7","10.3","21.3","11.5","4.3","3.5","2.1","3.4","75169","26927","75765","14103","69.2","(X)","(X)","(X)","(X)","(X)","868","163","2.0","3.6","4.1","5.4","0.0","4.8","4.3","6.4","18.4","11.0","24.1","9.8","25.3","13.3","17.2","11.8","3.5","4.8","1.2","3.1","66071","21945","76471","14559","(X)","(X)","73.6","(X)","(X)","(X)","539","173","0.0","7.6","0.0","7.6","0.0","7.6","0.0","7.6","11.1","11.5","26.0","17.9","31.5","20.6","23.9","17.0","5.6","7.5","1.9","5.2","82798","12584","N","N","(X)","(X)","(X)","(X)","(X)","(X)","412","174","2.7","4.7","7.3","11.6","28.9","25.9","17.0","15.2","1.9","7.1","5.8","7.8","4.9","7.7","24.8","22.1","2.7","4.8","4.1","8.4","-","**","60705","22007","(X)","(X)","(X)","(X)","51.0","(X)",
"1400000US25025160200","Census Tract 1602; Suffolk County; Massachusetts","1182","148","7.0","5.0","3.6","3.6","7.4","6.1","2.3","3.5","10.7","6.9","16.2","8.2","17.0","9.3","23.9","9.5","8.1","5.8","3.6","3.9","76067","5304","83351","12290","71.6","(X)","(X)","(X)","(X)","(X)","775","159","0.0","5.3","5.7","5.7","11.7","8.1","8.0","7.5","11.2","8.9","26.3","12.7","14.5","12.2","13.8","9.4","5.0","5.7","3.7","5.2","63948","17008","70750","13908","(X)","(X)","59.1","(X)","(X)","(X)","412","153","0.0","9.8","8.5","10.5","12.9","14.0","0.0","9.8","10.9","13.1","18.9","14.8","20.9","21.3","18.0","14.7","2.9","4.7","7.0","9.6","74479","15622","N","N","(X)","(X)","(X)","(X)","(X)","(X)","407","154","20.4","13.3","3.2","5.4","8.4","8.2","6.6","9.8","9.8","14.3","15.7","14.2","8.6","10.1","26.0","17.9","1.2","2.3","0.0","9.9","50625","40344","59679","19691","(X)","(X)","(X)","(X)","72.2","(X)",
"1400000US25025160300","Census Tract 1603; Suffolk County; Massachusetts","1395","173","3.9","2.7","11.8","6.9","16.0","10.3","8.2","5.7","4.5","3.5","3.8","2.5","13.6","6.2","15.7","5.7","12.2","5.9","10.3","5.2","77750","30294","88336","14106","42.1","(X)","(X)","(X)","(X)","(X)","424","113","2.1","3.3","2.8","4.9","2.1","3.2","9.9","14.2","0.0","9.5","1.9","3.7","22.4","15.9","17.7","9.7","18.2","13.6","22.9","13.3","127414","35990","131365","27420","(X)","(X)","35.1","(X)","(X)","(X)","323","88","2.8","4.3","3.7","6.4","2.8","4.3","0.0","12.3","0.0","12.3","2.5","4.8","25.7","19.4","11.5","10.1","23.8","17.2","27.2","16.4","152986","66650","N","N","(X)","(X)","(X)","(X)","(X)","(X)","971","185","4.7","3.7","15.7","9.6","22.0","14.1","7.4","5.2","6.5","5.2","4.6","3.4","9.8","5.7","14.8","6.4","9.6","6.2","4.8","4.5","35221","23759","69546","15049","(X)","(X)","(X)","(X)","45.1","(X)",
"1400000US25025160400","Census Tract 1604; Suffolk County; Massachusetts","1544","181","13.9","6.5","6.0","5.3","10.6","6.0","2.2","3.3","2.7","3.0","18.8","9.2","12.0","7.7","11.8","5.7","8.3","4.1","13.7","6.7","72711","13912","100921","22179","40.5","(X)","(X)","(X)","(X)","(X)","693","123","8.2","6.0","0.0","5.9","6.2","9.2","0.0","5.9","7.2","8.2","30.0","16.1","10.8","12.7","6.9","7.7","11.0","7.2","19.6","13.8","74551","26644","127482","44843","(X)","(X)","41.7","(X)","(X)","(X)","492","92","1.2","2.2","0.0","8.3","0.0","8.3","0.0","8.3","4.9","8.5","32.7","20.0","12.6","16.0","5.5","8.8","15.4","9.6","27.6","19.2","92182","87517","N","N","(X)","(X)","(X)","(X)","(X)","(X)","851","182","18.6","11.5","10.9","9.2","14.2","9.1","4.0","5.9","2.0","2.3","9.5","7.2","11.2","8.3","14.6","8.4","6.1","5.1","8.9","5.2","52868","42925","77283","19874","(X)","(X)","(X)","(X)","39.6","(X)",
"1400000US25025160501","Census Tract 1605.01; Suffolk County; Massachusetts","1973","266","20.6","8.9","5.7","4.4","2.9","2.4","7.5","7.2","10.0","7.4","13.3","5.8","14.1","7.2","9.9","6.5","12.6","7.2","3.2","3.2","53168","21018","75446","16048","52.9","(X)","(X)","(X)","(X)","(X)","1274","222","12.3","11.4","0.0","3.3","0.4","0.8","8.2","9.7","14.3","10.0","23.7","10.4","10.5","9.2","11.5","7.7","15.3","10.4","3.8","4.5","68673","19751","88281","19763","(X)","(X)","47.6","(X)","(X)","(X)","668","185","5.1","6.6","0.0","6.2","0.7","1.4","1.6","2.9","7.6","7.4","32.2","16.6","16.6","15.6","12.1","12.3","16.6","11.8","7.3","8.7","77941","8526","N","N","(X)","(X)","(X)","(X)","(X)","(X)","699","265","35.8","18.3","16.2","12.2","7.6","6.2","6.3","7.8","9.2","12.9","4.0","6.9","12.7","11.4","6.2","6.8","0.0","5.9","2.1","3.3","-","**","38850","14427","(X)","(X)","(X)","(X)","60.1","(X)",
"1400000US25025160502","Census Tract 1605.02; Suffolk County; Massachusetts","1928","194","6.1","4.0","4.9","3.7","6.9","4.4","15.2","7.4","4.5","3.6","17.2","7.8","9.0","5.3","15.1","6.5","11.3","4.6","10.0","4.4","64167","12338","91561","12102","56.1","(X)","(X)","(X)","(X)","(X)","1232","192","7.2","5.6","0.7","1.1","8.8","6.4","12.4","9.9","7.1","5.4","16.4","8.3","11.9","8.5","16.0","8.3","10.9","6.4","8.6","4.9","66696","21744","93964","14596","(X)","(X)","61.6","(X)","(X)","(X)","567","155","0.0","7.2","1.6","2.4","2.5","3.8","7.4","11.5","3.7","4.5","9.9","10.3","19.0","13.5","19.6","13.2","17.6","11.5","18.7","11.0","131103","50999","N","N","(X)","(X)","(X)","(X)","(X)","(X)","696","199","6.6","7.1","12.2","10.8","6.2","7.6","15.1","12.5","0.9","1.4","20.1","14.0","10.1","9.5","10.8","9.7","11.9","8.5","6.2","7.8","62588","28467","74600","19239","(X)","(X)","(X)","(X)","46.3","(X)",
"1400000US25025160601","Census Tract 1606.01; Suffolk County; Massachusetts","1569","206","1.1","1.3","1.1","1.3","7.6","5.3","2.1","2.7","20.1","6.2","11.3","5.6","6.4","4.0","27.3","9.3","13.9","7.8","9.2","5.8","100917","28576","105574","13455","51.8","(X)","(X)","(X)","(X)","(X)","815","162","0.9","1.7","0.0","5.1","0.0","5.1","1.8","3.6","26.7","13.4","7.7","7.7","2.9","4.2","24.2","13.3","21.8","14.2","13.9","10.8","109663","46262","126304","22498","(X)","(X)","62.7","(X)","(X)","(X)","504","145","0.0","8.1","0.0","8.1","0.0","8.1","0.0","8.1","30.0","16.8","0.0","8.1","1.8","2.9","20.8","16.5","32.1","19.6","15.3","14.6","138125","75195","N","N","(X)","(X)","(X)","(X)","(X)","(X)","754","175","1.3","2.3","2.3","2.7","15.8","11.1","2.4","4.0","18.0","9.8","15.3","9.4","12.1","8.2","26.4","13.3","2.4","3.2","4.1","6.3","67619","25716","76165","15506","(X)","(X)","(X)","(X)","39.9","(X)",
"1400000US25025160602","Census Tract 1606.02; Suffolk County; Massachusetts","1656","190","8.5","5.1","7.5","4.6","5.7","4.9","11.9","7.1","9.1","7.0","8.4","5.4","13.6","6.7","14.9","7.3","7.5","5.7","13.0","7.0","70800","25525","105397","24462","47.3","(X)","(X)","(X)","(X)","(X)","1117","193","4.2","6.1","4.8","5.1","13.4","9.3","4.7","5.2","10.5","10.1","8.9","7.2","8.5","7.9","16.7","9.6","11.1","8.2","17.1","10.3","79189","32841","115609","28190","(X)","(X)","51.6","(X)","(X)","(X)","681","190","0.6","1.1","0.0","6.0","2.9","3.5","0.0","6.0","9.7","14.0","8.2","8.1","14.0","12.4","27.5","15.8","18.2","13.1","18.9","14.1","128004","30068","N","N","(X)","(X)","(X)","(X)","(X)","(X)","539","157","17.4","10.3","13.0","11.4","2.0","3.0","15.2","15.3","6.1","5.6","16.3","13.1","20.0","13.3","5.2","5.1","0.0","7.6","4.6","5.1","45114","30888","75040","41549","(X)","(X)","(X)","(X)","32.1","(X)",
"1400000US25025170101","Census Tract 1701.01; Suffolk County; Massachusetts","1213","138","7.5","6.1","6.2","6.2","4.9","4.8","3.6","3.5","8.9","7.2","12.7","7.3","7.3","5.4","17.9","8.7","18.2","8.2","12.9","8.1","97596","36548","107722","18257","42.1","(X)","(X)","(X)","(X)","(X)","892","122","4.9","7.0","0.0","4.6","0.0","4.6","2.0","3.1","10.9","9.4","13.8","9.5","15.8","11.2","24.8","11.8","14.7","8.2","13.1","10.4","101554","45075","119040","25872","(X)","(X)","39.5","(X)","(X)","(X)","601","141","0.0","6.8","0.0","6.8","0.0","6.8","3.0","4.7","16.1","13.7","10.3","9.5","12.3","11.0","25.5","14.2","15.3","9.7","17.5","14.8","123438","60404","N","N","(X)","(X)","(X)","(X)","(X)","(X)","321","120","14.6","15.2","23.4","22.6","18.4","17.7","8.1","9.9","3.4","5.2","9.7","13.4","0.0","12.4","7.2","8.1","11.5","17.5","3.7","5.7","22008","16934","55167","32900","(X)","(X)","(X)","(X)","49.5","(X)",
"1400000US25025170102","Census Tract 1701.02; Suffolk County; Massachusetts","1542","236","1.4","2.1","0.8","1.3","0.6","0.9","3.6","3.5","5.8","4.1","13.3","7.6","19.6","10.8","22.6","9.6","20.2","11.2","12.1","6.0","118077","38938","126585","14041","73.3","(X)","(X)","(X)","(X)","(X)","1291","230","1.6","2.5","0.0","3.2","0.2","0.4","3.3","3.9","1.6","2.2","24.2","12.3","22.3","12.3","22.2","9.2","10.1","6.3","14.4","7.5","98147","11035","121343","17180","(X)","(X)","66.1","(X)","(X)","(X)","789","193","2.7","4.0","0.0","5.2","0.4","0.7","2.5","4.8","2.7","3.9","6.7","5.6","33.1","17.5","23.6","11.6","16.6","10.6","11.8","7.4","101384","22654","N","N","(X)","(X)","(X)","(X)","(X)","(X)","251","112","0.0","15.5","5.2","8.6","2.8","5.5","5.2","8.6","27.1","21.6","12.4","13.4","0.0","15.5","20.7","18.6","26.7","24.6","0.0","15.5","-","**","95800","29847","(X)","(X)","(X)","(X)","54.6","(X)",
"1400000US25025170200","Census Tract 1702; Suffolk County; Massachusetts","1924","325","11.9","9.6","4.9","4.9","11.6","6.0","5.7","3.5","11.5","6.4","14.7","6.3","4.4","3.1","19.3","6.5","7.8","7.7","8.2","4.1","54524","11453","84671","15389","49.3","(X)","(X)","(X)","(X)","(X)","1161","203","1.6","1.9","6.4","7.6","9.0","6.6","4.3","3.1","15.2","9.4","21.1","9.3","4.4","3.9","23.5","8.5","4.2","4.2","10.3","5.7","61094","14650","94268","17071","(X)","(X)","54.4","(X)","(X)","(X)","674","149","1.2","1.9","0.0","6.1","4.2","4.6","4.5","4.0","22.3","12.9","20.2","10.0","6.4","6.3","29.2","11.4","7.3","6.9","4.9","4.2","71458","29008","N","N","(X)","(X)","(X)","(X)","(X)","(X)","763","285","27.4","21.2","2.8","3.1","19.0","11.9","7.7","7.8","6.0","5.2","5.8","5.4","1.2","2.1","13.4","12.5","13.4","16.2","3.4","5.6","-","**","63957","27794","(X)","(X)","(X)","(X)","41.5","(X)",
"1400000US25025170301","Census Tract 1703.01; Suffolk County; Massachusetts","2155","447","1.5","1.3","8.5","6.4","5.1","4.5","3.2","2.9","4.9","4.6","8.1","5.5","16.2","7.9","21.7","10.9","10.1","5.6","20.6","9.7","108438","25974","137131","28374","56.6","(X)","(X)","(X)","(X)","(X)","1389","396","0.0","3.0","4.9","7.4","2.8","3.5","3.1","3.0","1.1","1.8","8.4","7.3","20.1","11.8","24.4","15.7","12.5","8.1","22.8","12.3","142883","42192","162122","38838","(X)","(X)","61.8","(X)","(X)","(X)","1005","383","0.0","4.1","0.0","4.1","3.9","4.7","4.3","4.3","1.5","2.6","3.4","4.7","26.2","14.9","25.0","20.2","13.4","10.1","22.4","16.3","143523","21117","N","N","(X)","(X)","(X)","(X)","(X)","(X)","766","228","4.3","3.7","15.0","14.5","9.1","10.5","3.5","5.6","11.9","11.9","7.6","6.9","9.3","8.0","25.5","15.6","4.0","5.1","9.8","11.9","65781","53157","78692","24600","(X)","(X)","(X)","(X)","47.1","(X)",
"1400000US25025170302","Census Tract 1703.02; Suffolk County; Massachusetts","1687","261","15.5","10.9","5.1","6.7","10.4","6.5","1.2","1.5","4.1","3.6","6.4","4.5","3.6","2.9","27.8","11.3","18.5","7.3","7.3","5.1","110671","36152","100262","18796","39.9","(X)","(X)","(X)","(X)","(X)","601","189","30.6","22.1","0.0","6.8","0.0","6.8","0.0","6.8","4.7","7.2","9.3","8.7","9.8","8.6","29.6","15.0","8.8","10.3","7.2","8.5","80801","62054","93708","39754","(X)","(X)","59.2","(X)","(X)","(X)","310","141","17.4","18.0","0.0","12.8","0.0","12.8","0.0","12.8","0.0","12.8","6.5","9.5","6.5","8.3","38.7","19.6","17.1","16.3","13.9","15.7","136149","16095","N","N","(X)","(X)","(X)","(X)","(X)","(X)","1086","301","7.2","9.2","7.9","9.9","16.2","10.3","1.9","2.3","3.9","4.4","6.6","5.0","3.0","3.1","23.8","15.8","23.8","10.7","5.5","5.3","110313","39535","99037","19237","(X)","(X)","(X)","(X)","29.2","(X)",
"1400000US25025170400","Census Tract 1704; Suffolk County; Massachusetts","2050","218","0.4","0.7","8.1","4.9","5.8","4.6","10.8","6.3","15.0","7.4","13.1","7.8","9.4","5.7","23.5","7.8","6.6","3.5","7.3","4.6","72674","20167","93739","17181","54.6","(X)","(X)","(X)","(X)","(X)","1419","209","0.6","0.9","1.2","1.9","0.0","2.9","14.3","8.4","18.5","9.7","8.2","6.0","11.3","7.0","26.4","10.7","9.0","4.8","10.5","6.3","97822","28278","110721","22285","(X)","(X)","56.2","(X)","(X)","(X)","732","209","1.2","1.8","2.3","3.7","0.0","5.6","11.3","12.6","5.9","7.9","10.2","9.2","12.6","10.7","20.6","9.3","17.5","8.8","18.3","10.5","122656","31577","N","N","(X)","(X)","(X)","(X)","(X)","(X)","631","202","0.0","6.5","23.6","15.0","18.9","13.7","2.9","3.6","9.2","11.9","27.3","19.6","10.3","10.9","7.9","6.5","0.0","6.5","0.0","6.5","48772","43684","49187","11291","(X)","(X)","(X)","(X)","51.0","(X)",
"1400000US25025170502","Census Tract 1705.02; Suffolk County; Massachusetts","1763","194","2.8","2.1","7.8","5.4","15.7","6.7","8.0","4.4","7.2","3.9","8.6","5.9","8.7","5.1","10.9","5.4","10.8","6.1","19.5","8.9","74967","21773","125232","31812","43.7","(X)","(X)","(X)","(X)","(X)","885","193","2.7","3.2","1.5","2.9","7.9","7.3","2.9","3.0","8.1","7.3","10.2","8.1","6.7","5.6","14.1","9.0","17.2","9.1","28.7","14.6","133319","43744","170068","56526","(X)","(X)","48.8","(X)","(X)","(X)","708","186","1.3","2.2","1.8","3.5","9.9","9.0","3.7","3.8","5.9","7.1","9.6","9.1","4.5","5.2","11.9","8.3","16.9","11.4","34.5","17.8","154773","53831","N","N","(X)","(X)","(X)","(X)","(X)","(X)","878","158","2.8","2.6","14.2","9.7","23.5","10.8","13.1","7.9","9.7","5.2","6.9","6.8","10.8","8.1","7.6","5.9","3.4","4.2","7.9","7.1","32778","8630","73888","29459","(X)","(X)","(X)","(X)","38.5","(X)",
"1400000US25025170503","Census Tract 1705.03; Suffolk County; Massachusetts","749","76","6.3","5.4","7.6","5.9","6.4","4.2","14.3","8.4","3.9","2.7","14.8","9.1","11.5","5.8","17.2","9.6","8.1","6.9","9.9","7.3","62188","34740","94107","20660","33.1","(X)","(X)","(X)","(X)","(X)","255","84","1.6","2.6","3.1","5.2","0.0","15.3","19.6","14.2","3.1","5.3","18.0","12.3","14.5","17.8","21.2","16.6","3.9","5.0","14.9","12.1","80958","27796","113597","34169","(X)","(X)","40.8","(X)","(X)","(X)","163","67","2.5","4.1","0.0","22.7","0.0","22.7","17.8","24.0","4.9","8.3","28.2","18.9","3.1","6.2","23.3","18.5","6.1","7.9","14.1","12.4","73036","67492","N","N","(X)","(X)","(X)","(X)","(X)","(X)","494","108","8.7","7.9","9.9","9.8","9.7","6.4","11.5","9.1","4.3","4.0","15.0","12.9","14.6","7.7","9.5","8.6","10.3","10.0","6.5","7.8","58361","22362","80639","21337","(X)","(X)","(X)","(X)","27.1","(X)",
"1400000US25025170504","Census Tract 1705.04; Suffolk County; Massachusetts","1538","172","2.9","2.9","0.0","2.7","1.5","1.8","7.7","7.1","11.7","7.6","10.3","4.3","10.1","5.1","21.1","8.6","20.9","8.4","13.7","5.2","119559","41432","123081","14364","47.3","(X)","(X)","(X)","(X)","(X)","758","170","0.0","5.4","0.0","5.4","0.0","5.4","12.3","14.0","12.0","10.1","12.0","8.7","9.4","8.4","28.6","13.7","13.2","9.6","12.5","6.5","101875","36178","117218","22686","(X)","(X)","62.7","(X)","(X)","(X)","449","126","0.0","9.0","0.0","9.0","0.0","9.0","20.7","22.0","7.8","8.5","9.4","11.8","4.7","5.2","16.9","9.8","19.4","15.7","21.2","10.6","133813","72065","N","N","(X)","(X)","(X)","(X)","(X)","(X)","780","181","5.8","5.7","0.0","5.3","2.9","3.4","3.3","3.8","13.1","10.5","8.6","5.7","13.8","8.7","24.2","12.6","14.9","9.6","13.3","7.2","102065","23499","116469","16909","(X)","(X)","(X)","(X)","30.6","(X)",
"1400000US25025170601","Census Tract 1706.01; Suffolk County; Massachusetts","1779","221","1.3","2.3","1.6","1.8","5.3","5.8","7.2","6.2","13.8","6.4","9.9","7.1","13.2","6.1","14.3","7.5","18.6","6.6","14.8","6.7","97793","27132","120170","18527","53.3","(X)","(X)","(X)","(X)","(X)","1287","226","0.0","3.2","1.7","2.4","1.3","1.5","5.9","7.4","10.6","6.7","9.5","6.5","16.3","8.0","19.0","8.5","20.7","7.5","14.9","8.2","106043","18825","127195","20097","(X)","(X)","53.1","(X)","(X)","(X)","907","215","0.0","4.6","1.5","3.0","0.0","4.6","1.5","2.6","8.2","7.4","6.7","6.5","18.3","10.1","14.9","8.3","28.3","9.4","20.5","11.0","134375","57062","N","N","(X)","(X)","(X)","(X)","(X)","(X)","492","160","4.9","8.8","1.4","2.5","15.9","19.7","10.6","9.9","22.2","19.6","15.2","20.3","7.3","6.9","15.0","13.9","3.0","4.9","4.5","5.3","43542","39427","68228","19465","(X)","(X)","(X)","(X)","49.6","(X)",
"1400000US25025170701","Census Tract 1707.01; Suffolk County; Massachusetts","993","132","3.0","3.6","2.8","2.6","3.6","2.9","5.5","5.4","6.7","4.6","27.8","9.5","5.1","5.8","21.7","9.5","14.4","7.9","9.3","4.6","80101","34540","114796","25995","46.4","(X)","(X)","(X)","(X)","(X)","481","135","0.0","8.5","0.0","8.5","4.6","5.0","2.5","4.2","7.5","7.5","33.5","15.1","6.9","10.5","24.7","15.4","5.8","6.5","14.6","9.1","80602","42550","133374","50010","(X)","(X)","52.8","(X)","(X)","(X)","303","107","0.0","13.1","0.0","13.1","3.3","5.0","0.0","13.1","3.3","6.0","21.5","16.7","10.9","16.1","28.7","19.6","9.2","10.4","23.1","14.5","117978","26404","N","N","(X)","(X)","(X)","(X)","(X)","(X)","512","121","5.9","6.9","5.5","5.0","2.7","2.9","8.4","9.7","6.1","6.4","22.5","14.4","3.5","4.1","18.8","9.6","22.5","12.6","4.3","5.2","70938","57019","97343","22583","(X)","(X)","(X)","(X)","40.4","(X)",
"1400000US25025170702","Census Tract 1707.02; Suffolk County; Massachusetts","2419","287","5.2","5.6","1.2","1.6","7.4","5.6","8.5","7.6","12.5","8.6","10.6","5.9","13.1","9.4","24.6","9.4","10.1","6.6","6.8","4.4","76485","11169","94432","15801","60.8","(X)","(X)","(X)","(X)","(X)","1821","300","3.3","4.2","0.0","2.3","5.2","4.9","11.3","10.0","12.2","9.9","22.8","11.7","10.4","10.0","22.4","12.5","8.5","7.0","3.8","3.6","67488","13251","84190","13697","(X)","(X)","55.8","(X)","(X)","(X)","1104","234","0.0","3.8","0.0","3.8","2.4","4.7","7.8","9.0","12.5","12.5","20.6","13.3","12.0","16.2","28.4","15.8","10.1","9.2","6.3","5.9","76504","38469","N","N","(X)","(X)","(X)","(X)","(X)","(X)","598","262","21.1","21.7","4.7","6.8","14.2","16.7","0.0","6.9","13.4","15.9","0.7","2.0","0.0","6.9","32.1","25.0","5.7","8.7","8.2","12.5","-","**","85579","42757","(X)","(X)","(X)","(X)","68.2","(X)",
"1400000US25025170800","Census Tract 1708; Suffolk County; Massachusetts","2366","384","11.0","7.0","6.3","6.9","12.0","9.4","2.4","1.9","7.2","5.1","13.1","7.3","14.1","7.2","11.5","6.6","12.3","7.2","10.1","5.8","73074","12423","96419","20320","57.1","(X)","(X)","(X)","(X)","(X)","1287","222","2.7","4.8","3.6","5.5","0.0","3.2","6.9","7.5","8.0","7.3","16.5","9.3","21.2","10.8","14.5","10.6","18.3","11.5","8.3","6.7","89851","22446","108917","22707","(X)","(X)","66.4","(X)","(X)","(X)","905","219","0.0","4.6","0.0","4.6","0.0","4.6","2.9","3.4","3.4","4.8","20.6","12.3","17.5","10.3","20.6","13.6","23.3","14.1","11.8","9.6","119179","45830","N","N","(X)","(X)","(X)","(X)","(X)","(X)","1079","372","24.2","15.6","9.6","13.8","26.2","17.9","2.8","3.3","11.4","10.3","11.6","9.6","8.9","9.6","3.5","6.2","0.0","3.9","1.8","2.8","21417","9355","52001","29716","(X)","(X)","(X)","(X)","46.0","(X)",
"1400000US25025180101","Census Tract 1801.01; Suffolk County; Massachusetts","2431","227","2.6","3.1","3.4","2.7","6.1","4.1","5.5","3.5","8.4","4.6","8.6","4.6","11.6","6.5","20.8","7.0","12.1","5.0","21.1","7.8","107629","21456","130235","18661","45.9","(X)","(X)","(X)","(X)","(X)","1327","200","0.5","0.7","0.0","3.1","2.1","2.4","2.3","3.2","5.3","5.3","8.5","4.5","13.0","9.0","25.1","9.6","17.4","8.2","25.8","9.1","136360","30650","156479","23379","(X)","(X)","51.2","(X)","(X)","(X)","939","177","0.0","4.4","0.0","4.4","1.0","1.5","2.1","3.3","1.8","2.8","4.4","4.3","11.8","7.5","27.2","11.6","18.4","10.6","33.3","12.7","151587","17856","N","N","(X)","(X)","(X)","(X)","(X)","(X)","1104","247","5.1","6.7","7.4","6.0","10.9","8.3","9.2","6.9","12.0","8.9","13.6","8.4","9.8","7.6","14.9","10.8","1.4","2.5","15.6","13.3","62667","29504","94156","31169","(X)","(X)","(X)","(X)","39.5","(X)",
"1400000US25025180200","Census Tract 1802; Suffolk County; Massachusetts","1671","180","4.5","3.5","0.0","2.5","11.8","7.9","3.1","3.2","0.7","0.9","16.7","6.7","13.2","5.1","16.3","4.9","8.0","3.7","25.7","7.5","99861","23820","139132","23711","47.0","(X)","(X)","(X)","(X)","(X)","1045","117","0.0","4.0","0.0","4.0","5.1","6.6","2.7","4.1","0.7","1.2","6.5","4.4","16.4","7.2","18.5","7.2","13.5","6.4","36.7","10.5","150694","55219","177105","30617","(X)","(X)","44.8","(X)","(X)","(X)","653","120","0.0","6.3","0.0","6.3","0.0","6.3","4.3","6.4","0.0","6.3","2.6","3.3","9.3","8.3","16.5","10.6","19.0","8.8","48.2","14.7","196063","28598","N","N","(X)","(X)","(X)","(X)","(X)","(X)","626","191","12.0","9.2","0.0","6.6","23.2","16.6","3.8","4.9","0.8","1.3","33.7","16.1","7.8","5.7","12.6","6.3","1.4","2.5","4.6","4.5","55766","19597","68658","19242","(X)","(X)","(X)","(X)","50.6","(X)",
"1400000US25025180301","Census Tract 1803.01; Suffolk County; Massachusetts","1144","107","2.1","2.1","0.0","3.6","6.4","5.9","0.6","1.1","8.6","6.0","10.5","5.5","4.5","3.1","15.2","6.3","19.6","6.5","32.5","8.8","155278","31285","168294","19349","42.2","(X)","(X)","(X)","(X)","(X)","844","119","0.9","1.4","0.0","4.9","7.7","7.7","0.0","4.9","3.6","5.2","9.4","6.5","1.1","1.6","18.1","7.6","22.2","8.5","37.1","10.4","173919","17276","191429","25797","(X)","(X)","46.0","(X)","(X)","(X)","679","109","1.2","1.7","0.0","6.1","4.9","6.9","0.0","6.1","0.0","6.1","7.4","6.8","0.0","6.1","19.1","9.5","22.7","9.7","44.8","13.8","181964","47946","N","N","(X)","(X)","(X)","(X)","(X)","(X)","300","94","5.3","6.9","0.0","13.2","2.7","4.2","2.3","4.4","22.7","16.9","13.7","17.3","14.3","11.0","7.0","11.4","12.3","9.6","19.7","18.0","76471","48489","103209","30583","(X)","(X)","(X)","(X)","31.7","(X)",
"1400000US25025180400","Census Tract 1804; Suffolk County; Massachusetts","769","98","1.7","1.7","0.0","5.4","6.6","6.2","3.9","3.7","5.5","4.4","14.6","6.9","14.4","6.8","13.5","5.6","10.3","4.7","29.5","9.4","119531","33336","137202","18909","39.3","(X)","(X)","(X)","(X)","(X)","418","85","1.7","2.3","0.0","9.7","0.0","9.7","2.2","3.1","1.0","2.0","8.6","5.5","20.1","11.3","13.2","7.2","17.5","8.7","35.9","13.6","155313","31078","159995","22262","(X)","(X)","45.2","(X)","(X)","(X)","304","74","2.3","3.2","0.0","13.0","0.0","13.0","3.0","4.2","0.0","13.0","2.0","2.9","19.7","14.2","8.9","6.6","17.4","10.6","46.7","16.8","195417","59941","N","N","(X)","(X)","(X)","(X)","(X)","(X)","351","87","1.7","2.7","0.0","11.4","14.5","13.4","6.0","6.7","12.0","9.5","21.7","12.8","7.7","6.0","18.2","10.4","2.6","3.8","15.7","10.2","72865","27407","98965","22890","(X)","(X)","(X)","(X)","30.5","(X)",
"1400000US25025180500","Census Tract 1805; Suffolk County; Massachusetts","1884","242","1.3","1.4","3.8","3.8","3.6","2.6","5.5","3.5","6.7","4.8","9.4","4.5","13.8","6.2","13.1","4.4","20.7","8.5","22.2","7.0","115625","25927","147465","17937","33.4","(X)","(X)","(X)","(X)","(X)","825","142","1.9","3.0","0.0","5.0","2.7","3.3","4.4","6.1","2.7","2.8","7.8","6.9","11.3","8.0","12.4","6.6","21.5","10.8","35.5","13.0","161856","41703","178861","31542","(X)","(X)","44.0","(X)","(X)","(X)","567","146","0.0","7.2","0.0","7.2","2.6","4.1","0.9","1.6","2.6","3.7","11.3","9.6","3.9","4.7","11.5","7.7","26.8","14.1","40.4","16.3","190142","44875","N","N","(X)","(X)","(X)","(X)","(X)","(X)","1059","246","0.8","1.3","6.7","6.5","4.2","4.0","6.3","4.0","9.8","8.3","10.7","7.0","15.8","7.9","14.4","6.4","20.1","13.5","11.1","7.9","92969","26631","121454","25117","(X)","(X)","(X)","(X)","23.6","(X)",
"1400000US25025980101","Census Tract 9801.01; Suffolk County; Massachusetts","0","14","-","**","-","**","-","**","-","**","-","**","-","**","-","**","-","**","-","**","-","**","-","**","-","**","-","(X)","(X)","(X)","(X)","(X)","0","14","-","**","-","**","-","**","-","**","-","**","-","**","-","**","-","**","-","**","-","**","-","**","-","**","(X)","(X)","-","(X)","(X)","(X)","0","14","-","**","-","**","-","**","-","**","-","**","-","**","-","**","-","**","-","**","-","**","-","**","-","**","(X)","(X)","(X)","(X)","(X)","(X)","0","14","-","**","-","**","-","**","-","**","-","**","-","**","-","**","-","**","-","**","-","**","-","**","-","**","(X)","(X)","(X)","(X)","-","(X)",
"1400000US25025980300","Census Tract 9803; Suffolk County; Massachusetts","0","14","-","**","-","**","-","**","-","**","-","**","-","**","-","**","-","**","-","**","-","**","-","**","-","**","-","(X)","(X)","(X)","(X)","(X)","0","14","-","**","-","**","-","**","-","**","-","**","-","**","-","**","-","**","-","**","-","**","-","**","-","**","(X)","(X)","-","(X)","(X)","(X)","0","14","-","**","-","**","-","**","-","**","-","**","-","**","-","**","-","**","-","**","-","**","-","**","-","**","(X)","(X)","(X)","(X)","(X)","(X)","0","14","-","**","-","**","-","**","-","**","-","**","-","**","-","**","-","**","-","**","-","**","-","**","-","**","(X)","(X)","(X)","(X)","-","(X)",
"1400000US25025980700","Census Tract 9807; Suffolk County; Massachusetts","0","14","-","**","-","**","-","**","-","**","-","**","-","**","-","**","-","**","-","**","-","**","-","**","-","**","-","(X)","(X)","(X)","(X)","(X)","0","14","-","**","-","**","-","**","-","**","-","**","-","**","-","**","-","**","-","**","-","**","-","**","-","**","(X)","(X)","-","(X)","(X)","(X)","0","14","-","**","-","**","-","**","-","**","-","**","-","**","-","**","-","**","-","**","-","**","-","**","-","**","(X)","(X)","(X)","(X)","(X)","(X)","0","14","-","**","-","**","-","**","-","**","-","**","-","**","-","**","-","**","-","**","-","**","-","**","-","**","(X)","(X)","(X)","(X)","-","(X)",
"1400000US25025980900","Census Tract 9809; Suffolk County; Massachusetts","34","26","14.7","22.3","0.0","58.2","0.0","58.2","0.0","58.2","0.0","58.2","0.0","58.2","0.0","58.2","55.9","46.7","0.0","58.2","29.4","38.5","-","**","166732","90925","14.7","(X)","(X)","(X)","(X)","(X)","10","11","0.0","100.0","0.0","100.0","0.0","100.0","0.0","100.0","0.0","100.0","0.0","100.0","0.0","100.0","0.0","100.0","0.0","100.0","100.0","100.0","-","**","N","N","(X)","(X)","50.0","(X)","(X)","(X)","10","11","0.0","100.0","0.0","100.0","0.0","100.0","0.0","100.0","0.0","100.0","0.0","100.0","0.0","100.0","0.0","100.0","0.0","100.0","100.0","100.0","-","**","N","N","(X)","(X)","(X)","(X)","(X)","(X)","24","27","20.8","38.5","0.0","69.2","0.0","69.2","0.0","69.2","0.0","69.2","0.0","69.2","0.0","69.2","79.2","38.5","0.0","69.2","0.0","69.2","115500","51317","N","N","(X)","(X)","(X)","(X)","0.0","(X)",
"1400000US25025981000","Census Tract 9810; Suffolk County; Massachusetts","14","20","0.0","90.6","0.0","90.6","0.0","90.6","0.0","90.6","0.0","90.6","0.0","90.6","0.0","90.6","100.0","90.6","0.0","90.6","0.0","90.6","-","**","N","N","0.0","(X)","(X)","(X)","(X)","(X)","0","14","-","**","-","**","-","**","-","**","-","**","-","**","-","**","-","**","-","**","-","**","-","**","-","**","(X)","(X)","-","(X)","(X)","(X)","0","14","-","**","-","**","-","**","-","**","-","**","-","**","-","**","-","**","-","**","-","**","-","**","-","**","(X)","(X)","(X)","(X)","(X)","(X)","14","20","0.0","90.6","0.0","90.6","0.0","90.6","0.0","90.6","0.0","90.6","0.0","90.6","0.0","90.6","100.0","90.6","0.0","90.6","0.0","90.6","-","**","N","N","(X)","(X)","(X)","(X)","0.0","(X)",
"1400000US25025981100","Census Tract 9811; Suffolk County; Massachusetts","14","24","100.0","90.6","0.0","90.6","0.0","90.6","0.0","90.6","0.0","90.6","0.0","90.6","0.0","90.6","0.0","90.6","0.0","90.6","0.0","90.6","-","**","N","N","0.0","(X)","(X)","(X)","(X)","(X)","0","14","-","**","-","**","-","**","-","**","-","**","-","**","-","**","-","**","-","**","-","**","-","**","-","**","(X)","(X)","-","(X)","(X)","(X)","0","14","-","**","-","**","-","**","-","**","-","**","-","**","-","**","-","**","-","**","-","**","-","**","-","**","(X)","(X)","(X)","(X)","(X)","(X)","14","24","100.0","90.6","0.0","90.6","0.0","90.6","0.0","90.6","0.0","90.6","0.0","90.6","0.0","90.6","0.0","90.6","0.0","90.6","0.0","90.6","-","**","N","N","(X)","(X)","(X)","(X)","0.0","(X)",
"1400000US25025981201","Census Tract 9812.01; Suffolk County; Massachusetts","0","14","-","**","-","**","-","**","-","**","-","**","-","**","-","**","-","**","-","**","-","**","-","**","-","**","-","(X)","(X)","(X)","(X)","(X)","0","14","-","**","-","**","-","**","-","**","-","**","-","**","-","**","-","**","-","**","-","**","-","**","-","**","(X)","(X)","-","(X)","(X)","(X)","0","14","-","**","-","**","-","**","-","**","-","**","-","**","-","**","-","**","-","**","-","**","-","**","-","**","(X)","(X)","(X)","(X)","(X)","(X)","0","14","-","**","-","**","-","**","-","**","-","**","-","**","-","**","-","**","-","**","-","**","-","**","-","**","(X)","(X)","(X)","(X)","-","(X)",
"1400000US25025981202","Census Tract 9812.02; Suffolk County; Massachusetts","0","14","-","**","-","**","-","**","-","**","-","**","-","**","-","**","-","**","-","**","-","**","-","**","-","**","-","(X)","(X)","(X)","(X)","(X)","0","14","-","**","-","**","-","**","-","**","-","**","-","**","-","**","-","**","-","**","-","**","-","**","-","**","(X)","(X)","-","(X)","(X)","(X)","0","14","-","**","-","**","-","**","-","**","-","**","-","**","-","**","-","**","-","**","-","**","-","**","-","**","(X)","(X)","(X)","(X)","(X)","(X)","0","14","-","**","-","**","-","**","-","**","-","**","-","**","-","**","-","**","-","**","-","**","-","**","-","**","(X)","(X)","(X)","(X)","-","(X)",
"1400000US25025981300","Census Tract 9813; Suffolk County; Massachusetts","32","15","0.0","59.9","0.0","59.9","0.0","59.9","0.0","59.9","0.0","59.9","12.5","19.4","12.5","19.9","0.0","59.9","15.6","22.9","59.4","37.0","250,000+","***","280928","129243","15.6","(X)","(X)","(X)","(X)","(X)","19","8","0.0","77.8","0.0","77.8","0.0","77.8","0.0","77.8","0.0","77.8","21.1","30.8","0.0","77.8","0.0","77.8","26.3","36.6","52.6","43.7","250,000+","***","231026","111793","(X)","(X)","26.3","(X)","(X)","(X)","19","8","0.0","77.8","0.0","77.8","0.0","77.8","0.0","77.8","0.0","77.8","21.1","30.8","0.0","77.8","0.0","77.8","26.3","36.6","52.6","43.7","250,000+","***","N","N","(X)","(X)","(X)","(X)","(X)","(X)","13","12","0.0","94.1","0.0","94.1","0.0","94.1","0.0","94.1","0.0","94.1","0.0","94.1","30.8","61.0","0.0","94.1","0.0","94.1","69.2","61.0","-","**","N","N","(X)","(X)","(X)","(X)","0.0","(X)",
"1400000US25025981501","Census Tract 9815.01; Suffolk County; Massachusetts","0","14","-","**","-","**","-","**","-","**","-","**","-","**","-","**","-","**","-","**","-","**","-","**","-","**","-","(X)","(X)","(X)","(X)","(X)","0","14","-","**","-","**","-","**","-","**","-","**","-","**","-","**","-","**","-","**","-","**","-","**","-","**","(X)","(X)","-","(X)","(X)","(X)","0","14","-","**","-","**","-","**","-","**","-","**","-","**","-","**","-","**","-","**","-","**","-","**","-","**","(X)","(X)","(X)","(X)","(X)","(X)","0","14","-","**","-","**","-","**","-","**","-","**","-","**","-","**","-","**","-","**","-","**","-","**","-","**","(X)","(X)","(X)","(X)","-","(X)",
"1400000US25025981502","Census Tract 9815.02; Suffolk County; Massachusetts","0","14","-","**","-","**","-","**","-","**","-","**","-","**","-","**","-","**","-","**","-","**","-","**","-","**","-","(X)","(X)","(X)","(X)","(X)","0","14","-","**","-","**","-","**","-","**","-","**","-","**","-","**","-","**","-","**","-","**","-","**","-","**","(X)","(X)","-","(X)","(X)","(X)","0","14","-","**","-","**","-","**","-","**","-","**","-","**","-","**","-","**","-","**","-","**","-","**","-","**","(X)","(X)","(X)","(X)","(X)","(X)","0","14","-","**","-","**","-","**","-","**","-","**","-","**","-","**","-","**","-","**","-","**","-","**","-","**","(X)","(X)","(X)","(X)","-","(X)",
"1400000US25025981600","Census Tract 9816; Suffolk County; Massachusetts","0","14","-","**","-","**","-","**","-","**","-","**","-","**","-","**","-","**","-","**","-","**","-","**","-","**","-","(X)","(X)","(X)","(X)","(X)","0","14","-","**","-","**","-","**","-","**","-","**","-","**","-","**","-","**","-","**","-","**","-","**","-","**","(X)","(X)","-","(X)","(X)","(X)","0","14","-","**","-","**","-","**","-","**","-","**","-","**","-","**","-","**","-","**","-","**","-","**","-","**","(X)","(X)","(X)","(X)","(X)","(X)","0","14","-","**","-","**","-","**","-","**","-","**","-","**","-","**","-","**","-","**","-","**","-","**","-","**","(X)","(X)","(X)","(X)","-","(X)",
"1400000US25025981700","Census Tract 9817; Suffolk County; Massachusetts","0","14","-","**","-","**","-","**","-","**","-","**","-","**","-","**","-","**","-","**","-","**","-","**","-","**","-","(X)","(X)","(X)","(X)","(X)","0","14","-","**","-","**","-","**","-","**","-","**","-","**","-","**","-","**","-","**","-","**","-","**","-","**","(X)","(X)","-","(X)","(X)","(X)","0","14","-","**","-","**","-","**","-","**","-","**","-","**","-","**","-","**","-","**","-","**","-","**","-","**","(X)","(X)","(X)","(X)","(X)","(X)","0","14","-","**","-","**","-","**","-","**","-","**","-","**","-","**","-","**","-","**","-","**","-","**","-","**","(X)","(X)","(X)","(X)","-","(X)",
"1400000US25025981800","Census Tract 9818; Suffolk County; Massachusetts","16","19","0.0","84.8","0.0","84.8","0.0","84.8","0.0","84.8","0.0","84.8","0.0","84.8","0.0","84.8","37.5","53.4","0.0","84.8","62.5","53.4","-","**","N","N","0.0","(X)","(X)","(X)","(X)","(X)","6","8","0.0","100.0","0.0","100.0","0.0","100.0","0.0","100.0","0.0","100.0","0.0","100.0","0.0","100.0","100.0","100.0","0.0","100.0","0.0","100.0","-","**","N","N","(X)","(X)","0.0","(X)","(X)","(X)","6","8","0.0","100.0","0.0","100.0","0.0","100.0","0.0","100.0","0.0","100.0","0.0","100.0","0.0","100.0","100.0","100.0","0.0","100.0","0.0","100.0","-","**","N","N","(X)","(X)","(X)","(X)","(X)","(X)","10","16","0.0","100.0","0.0","100.0","0.0","100.0","0.0","100.0","0.0","100.0","0.0","100.0","0.0","100.0","0.0","100.0","0.0","100.0","100.0","100.0","-","**","N","N","(X)","(X)","(X)","(X)","0.0","(X)",
"1400000US25025981900","Census Tract 9819; Suffolk County; Massachusetts","0","14","-","**","-","**","-","**","-","**","-","**","-","**","-","**","-","**","-","**","-","**","-","**","-","**","-","(X)","(X)","(X)","(X)","(X)","0","14","-","**","-","**","-","**","-","**","-","**","-","**","-","**","-","**","-","**","-","**","-","**","-","**","(X)","(X)","-","(X)","(X)","(X)","0","14","-","**","-","**","-","**","-","**","-","**","-","**","-","**","-","**","-","**","-","**","-","**","-","**","(X)","(X)","(X)","(X)","(X)","(X)","0","14","-","**","-","**","-","**","-","**","-","**","-","**","-","**","-","**","-","**","-","**","-","**","-","**","(X)","(X)","(X)","(X)","-","(X)",
"1400000US25025990101","Census Tract 9901.01; Suffolk County; Massachusetts","0","14","-","**","-","**","-","**","-","**","-","**","-","**","-","**","-","**","-","**","-","**","-","**","-","**","-","(X)","(X)","(X)","(X)","(X)","0","14","-","**","-","**","-","**","-","**","-","**","-","**","-","**","-","**","-","**","-","**","-","**","-","**","(X)","(X)","-","(X)","(X)","(X)","0","14","-","**","-","**","-","**","-","**","-","**","-","**","-","**","-","**","-","**","-","**","-","**","-","**","(X)","(X)","(X)","(X)","(X)","(X)","0","14","-","**","-","**","-","**","-","**","-","**","-","**","-","**","-","**","-","**","-","**","-","**","-","**","(X)","(X)","(X)","(X)","-","(X)",
